;fecha;total_altas;Localizacion;Provincia
0;2020-03-01;;Andalucia, Spain;Andalucia
1;2020-03-09;11,0;Andalucia, Spain;Andalucia
2;2020-03-10;11,0;Andalucia, Spain;Andalucia
3;2020-03-11;11,0;Andalucia, Spain;Andalucia
4;2020-03-12;11,0;Andalucia, Spain;Andalucia
5;2020-03-13;11,0;Andalucia, Spain;Andalucia
6;2020-03-14;11,0;Andalucia, Spain;Andalucia
7;2020-03-15;11,0;Andalucia, Spain;Andalucia
8;2020-03-16;11,0;Andalucia, Spain;Andalucia
9;2020-03-17;11,0;Andalucia, Spain;Andalucia
10;2020-03-18;33,0;Andalucia, Spain;Andalucia
11;2020-03-19;33,0;Andalucia, Spain;Andalucia
12;2020-03-20;36,0;Andalucia, Spain;Andalucia
13;2020-03-21;36,0;Andalucia, Spain;Andalucia
14;2020-03-22;38,0;Andalucia, Spain;Andalucia
15;2020-03-23;50,0;Andalucia, Spain;Andalucia
16;2020-03-24;66,0;Andalucia, Spain;Andalucia
17;2020-03-25;71,0;Andalucia, Spain;Andalucia
18;2020-03-26;77,0;Andalucia, Spain;Andalucia
19;2020-03-27;92,0;Andalucia, Spain;Andalucia
20;2020-03-28;139,0;Andalucia, Spain;Andalucia
21;2020-03-29;148,0;Andalucia, Spain;Andalucia
22;2020-03-30;155,0;Andalucia, Spain;Andalucia
23;2020-03-31;160,0;Andalucia, Spain;Andalucia
24;2020-04-01;182,0;Andalucia, Spain;Andalucia
25;2020-04-02;228,0;Andalucia, Spain;Andalucia
26;2020-04-03;258,0;Andalucia, Spain;Andalucia
27;2020-04-04;463,0;Andalucia, Spain;Andalucia
28;2020-04-05;665,0;Andalucia, Spain;Andalucia
29;2020-04-06;798,0;Andalucia, Spain;Andalucia
30;2020-04-07;900,0;Andalucia, Spain;Andalucia
31;2020-04-08;1041,0;Andalucia, Spain;Andalucia
32;2020-04-09;1193,0;Andalucia, Spain;Andalucia
33;2020-04-10;1437,0;Andalucia, Spain;Andalucia
34;2020-04-11;1630,0;Andalucia, Spain;Andalucia
35;2020-04-12;1838,0;Andalucia, Spain;Andalucia
36;2020-04-13;1967,0;Andalucia, Spain;Andalucia
37;2020-04-14;2032,0;Andalucia, Spain;Andalucia
38;2020-04-15;2224,0;Andalucia, Spain;Andalucia
39;2020-04-16;2634,0;Andalucia, Spain;Andalucia
40;2020-04-17;2790,0;Andalucia, Spain;Andalucia
41;2020-04-18;2948,0;Andalucia, Spain;Andalucia
42;2020-04-19;3116,0;Andalucia, Spain;Andalucia
43;2020-04-20;3229,0;Andalucia, Spain;Andalucia
44;2020-04-21;3411,0;Andalucia, Spain;Andalucia
45;2020-04-22;3569,0;Andalucia, Spain;Andalucia
46;2020-04-23;3847,0;Andalucia, Spain;Andalucia
47;2020-04-24;3992,0;Andalucia, Spain;Andalucia
48;2020-04-25;4295,0;Andalucia, Spain;Andalucia
49;2020-04-26;4741,0;Andalucia, Spain;Andalucia
50;2020-04-27;4890,0;Andalucia, Spain;Andalucia
51;2020-04-28;5039,0;Andalucia, Spain;Andalucia
52;2020-04-29;5272,0;Andalucia, Spain;Andalucia
53;2020-04-30;5710,0;Andalucia, Spain;Andalucia
54;2020-05-01;6334,0;Andalucia, Spain;Andalucia
55;2020-05-02;6821,0;Andalucia, Spain;Andalucia
56;2020-05-03;6897,0;Andalucia, Spain;Andalucia
57;2020-05-04;7021,0;Andalucia, Spain;Andalucia
58;2020-05-05;7230,0;Andalucia, Spain;Andalucia
59;2020-05-06;7679,0;Andalucia, Spain;Andalucia
60;2020-05-07;8076,0;Andalucia, Spain;Andalucia
61;2020-05-08;8435,0;Andalucia, Spain;Andalucia
62;2020-05-09;8779,0;Andalucia, Spain;Andalucia
63;2020-05-10;9020,0;Andalucia, Spain;Andalucia
64;2020-05-11;9205,0;Andalucia, Spain;Andalucia
65;2020-05-12;9297,0;Andalucia, Spain;Andalucia
66;2020-05-13;9481,0;Andalucia, Spain;Andalucia
67;2020-05-14;9918,0;Andalucia, Spain;Andalucia
68;2020-05-15;10148,0;Andalucia, Spain;Andalucia
69;2020-05-16;10319,0;Andalucia, Spain;Andalucia
70;2020-05-17;10611,0;Andalucia, Spain;Andalucia
71;2020-05-18;10671,0;Andalucia, Spain;Andalucia
72;2020-03-01;;Aragon, Spain;Aragon
73;2020-03-09;0,0;Aragon, Spain;Aragon
74;2020-03-10;0,0;Aragon, Spain;Aragon
75;2020-03-11;0,0;Aragon, Spain;Aragon
76;2020-03-12;0,0;Aragon, Spain;Aragon
77;2020-03-13;0,0;Aragon, Spain;Aragon
78;2020-03-14;0,0;Aragon, Spain;Aragon
79;2020-03-15;0,0;Aragon, Spain;Aragon
80;2020-03-16;0,0;Aragon, Spain;Aragon
81;2020-03-17;0,0;Aragon, Spain;Aragon
82;2020-03-18;0,0;Aragon, Spain;Aragon
83;2020-03-19;0,0;Aragon, Spain;Aragon
84;2020-03-20;0,0;Aragon, Spain;Aragon
85;2020-03-21;0,0;Aragon, Spain;Aragon
86;2020-03-22;3,0;Aragon, Spain;Aragon
87;2020-03-23;3,0;Aragon, Spain;Aragon
88;2020-03-24;3,0;Aragon, Spain;Aragon
89;2020-03-25;4,0;Aragon, Spain;Aragon
90;2020-03-26;4,0;Aragon, Spain;Aragon
91;2020-03-27;8,0;Aragon, Spain;Aragon
92;2020-03-28;8,0;Aragon, Spain;Aragon
93;2020-03-29;125,0;Aragon, Spain;Aragon
94;2020-03-30;174,0;Aragon, Spain;Aragon
95;2020-03-31;204,0;Aragon, Spain;Aragon
96;2020-04-01;257,0;Aragon, Spain;Aragon
97;2020-04-02;320,0;Aragon, Spain;Aragon
98;2020-04-03;378,0;Aragon, Spain;Aragon
99;2020-04-04;440,0;Aragon, Spain;Aragon
100;2020-04-05;537,0;Aragon, Spain;Aragon
101;2020-04-06;565,0;Aragon, Spain;Aragon
102;2020-04-07;578,0;Aragon, Spain;Aragon
103;2020-04-08;659,0;Aragon, Spain;Aragon
104;2020-04-09;718,0;Aragon, Spain;Aragon
105;2020-04-10;797,0;Aragon, Spain;Aragon
106;2020-04-11;888,0;Aragon, Spain;Aragon
107;2020-04-12;934,0;Aragon, Spain;Aragon
108;2020-04-13;946,0;Aragon, Spain;Aragon
109;2020-04-14;963,0;Aragon, Spain;Aragon
110;2020-04-15;1012,0;Aragon, Spain;Aragon
111;2020-04-16;1087,0;Aragon, Spain;Aragon
112;2020-04-17;1121,0;Aragon, Spain;Aragon
113;2020-04-18;1121,0;Aragon, Spain;Aragon
114;2020-04-19;1175,0;Aragon, Spain;Aragon
115;2020-04-20;1178,0;Aragon, Spain;Aragon
116;2020-04-21;1182,0;Aragon, Spain;Aragon
117;2020-04-22;1530,0;Aragon, Spain;Aragon
118;2020-04-23;1680,0;Aragon, Spain;Aragon
119;2020-04-24;1781,0;Aragon, Spain;Aragon
120;2020-04-25;1929,0;Aragon, Spain;Aragon
121;2020-04-26;1960,0;Aragon, Spain;Aragon
122;2020-04-27;2010,0;Aragon, Spain;Aragon
123;2020-04-28;2081,0;Aragon, Spain;Aragon
124;2020-04-29;2189,0;Aragon, Spain;Aragon
125;2020-04-30;2291,0;Aragon, Spain;Aragon
126;2020-05-01;2382,0;Aragon, Spain;Aragon
127;2020-05-02;2474,0;Aragon, Spain;Aragon
128;2020-05-03;2558,0;Aragon, Spain;Aragon
129;2020-05-04;2624,0;Aragon, Spain;Aragon
130;2020-05-05;2704,0;Aragon, Spain;Aragon
131;2020-05-06;2790,0;Aragon, Spain;Aragon
132;2020-05-07;2880,0;Aragon, Spain;Aragon
133;2020-05-08;2953,0;Aragon, Spain;Aragon
134;2020-05-09;3006,0;Aragon, Spain;Aragon
135;2020-05-10;3076,0;Aragon, Spain;Aragon
136;2020-05-11;3116,0;Aragon, Spain;Aragon
137;2020-05-12;3186,0;Aragon, Spain;Aragon
138;2020-05-13;3312,0;Aragon, Spain;Aragon
139;2020-05-14;3471,0;Aragon, Spain;Aragon
140;2020-05-15;3534,0;Aragon, Spain;Aragon
141;2020-05-16;3655,0;Aragon, Spain;Aragon
142;2020-05-17;3727,0;Aragon, Spain;Aragon
143;2020-05-18;3772,0;Aragon, Spain;Aragon
144;2020-03-01;;Asturias, Spain;Asturias
145;2020-03-09;0,0;Asturias, Spain;Asturias
146;2020-03-10;1,0;Asturias, Spain;Asturias
147;2020-03-11;1,0;Asturias, Spain;Asturias
148;2020-03-12;1,0;Asturias, Spain;Asturias
149;2020-03-13;1,0;Asturias, Spain;Asturias
150;2020-03-14;1,0;Asturias, Spain;Asturias
151;2020-03-15;1,0;Asturias, Spain;Asturias
152;2020-03-16;3,0;Asturias, Spain;Asturias
153;2020-03-17;3,0;Asturias, Spain;Asturias
154;2020-03-18;4,0;Asturias, Spain;Asturias
155;2020-03-19;4,0;Asturias, Spain;Asturias
156;2020-03-20;12,0;Asturias, Spain;Asturias
157;2020-03-21;16,0;Asturias, Spain;Asturias
158;2020-03-22;20,0;Asturias, Spain;Asturias
159;2020-03-23;21,0;Asturias, Spain;Asturias
160;2020-03-24;30,0;Asturias, Spain;Asturias
161;2020-03-25;35,0;Asturias, Spain;Asturias
162;2020-03-26;40,0;Asturias, Spain;Asturias
163;2020-03-27;52,0;Asturias, Spain;Asturias
164;2020-03-28;65,0;Asturias, Spain;Asturias
165;2020-03-29;76,0;Asturias, Spain;Asturias
166;2020-03-30;78,0;Asturias, Spain;Asturias
167;2020-03-31;90,0;Asturias, Spain;Asturias
168;2020-04-01;109,0;Asturias, Spain;Asturias
169;2020-04-02;135,0;Asturias, Spain;Asturias
170;2020-04-03;154,0;Asturias, Spain;Asturias
171;2020-04-04;190,0;Asturias, Spain;Asturias
172;2020-04-05;216,0;Asturias, Spain;Asturias
173;2020-04-06;222,0;Asturias, Spain;Asturias
174;2020-04-07;244,0;Asturias, Spain;Asturias
175;2020-04-08;294,0;Asturias, Spain;Asturias
176;2020-04-09;340,0;Asturias, Spain;Asturias
177;2020-04-10;372,0;Asturias, Spain;Asturias
178;2020-04-11;414,0;Asturias, Spain;Asturias
179;2020-04-12;430,0;Asturias, Spain;Asturias
180;2020-04-13;434,0;Asturias, Spain;Asturias
181;2020-04-14;458,0;Asturias, Spain;Asturias
182;2020-04-15;487,0;Asturias, Spain;Asturias
183;2020-04-16;522,0;Asturias, Spain;Asturias
184;2020-04-17;545,0;Asturias, Spain;Asturias
185;2020-04-18;575,0;Asturias, Spain;Asturias
186;2020-04-19;596,0;Asturias, Spain;Asturias
187;2020-04-20;599,0;Asturias, Spain;Asturias
188;2020-04-21;616,0;Asturias, Spain;Asturias
189;2020-04-22;642,0;Asturias, Spain;Asturias
190;2020-04-23;665,0;Asturias, Spain;Asturias
191;2020-04-24;688,0;Asturias, Spain;Asturias
192;2020-04-25;716,0;Asturias, Spain;Asturias
193;2020-04-26;749,0;Asturias, Spain;Asturias
194;2020-04-27;759,0;Asturias, Spain;Asturias
195;2020-04-28;780,0;Asturias, Spain;Asturias
196;2020-04-29;809,0;Asturias, Spain;Asturias
197;2020-04-30;835,0;Asturias, Spain;Asturias
198;2020-05-01;860,0;Asturias, Spain;Asturias
199;2020-05-02;890,0;Asturias, Spain;Asturias
200;2020-05-03;908,0;Asturias, Spain;Asturias
201;2020-05-04;917,0;Asturias, Spain;Asturias
202;2020-05-05;936,0;Asturias, Spain;Asturias
203;2020-05-06;953,0;Asturias, Spain;Asturias
204;2020-05-07;971,0;Asturias, Spain;Asturias
205;2020-05-08;983,0;Asturias, Spain;Asturias
206;2020-05-09;1012,0;Asturias, Spain;Asturias
207;2020-05-10;1022,0;Asturias, Spain;Asturias
208;2020-05-11;1026,0;Asturias, Spain;Asturias
209;2020-05-12;1031,0;Asturias, Spain;Asturias
210;2020-05-13;1038,0;Asturias, Spain;Asturias
211;2020-05-14;1046,0;Asturias, Spain;Asturias
212;2020-05-15;1053,0;Asturias, Spain;Asturias
213;2020-05-16;1055,0;Asturias, Spain;Asturias
214;2020-05-17;1061,0;Asturias, Spain;Asturias
215;2020-05-18;1063,0;Asturias, Spain;Asturias
216;2020-03-01;;Baleares, Spain;Baleares
217;2020-03-09;1,0;Baleares, Spain;Baleares
218;2020-03-10;1,0;Baleares, Spain;Baleares
219;2020-03-11;1,0;Baleares, Spain;Baleares
220;2020-03-12;1,0;Baleares, Spain;Baleares
221;2020-03-13;1,0;Baleares, Spain;Baleares
222;2020-03-14;1,0;Baleares, Spain;Baleares
223;2020-03-15;1,0;Baleares, Spain;Baleares
224;2020-03-16;1,0;Baleares, Spain;Baleares
225;2020-03-17;1,0;Baleares, Spain;Baleares
226;2020-03-18;4,0;Baleares, Spain;Baleares
227;2020-03-19;6,0;Baleares, Spain;Baleares
228;2020-03-20;10,0;Baleares, Spain;Baleares
229;2020-03-21;11,0;Baleares, Spain;Baleares
230;2020-03-22;17,0;Baleares, Spain;Baleares
231;2020-03-23;18,0;Baleares, Spain;Baleares
232;2020-03-24;19,0;Baleares, Spain;Baleares
233;2020-03-25;28,0;Baleares, Spain;Baleares
234;2020-03-26;39,0;Baleares, Spain;Baleares
235;2020-03-27;67,0;Baleares, Spain;Baleares
236;2020-03-28;80,0;Baleares, Spain;Baleares
237;2020-03-29;82,0;Baleares, Spain;Baleares
238;2020-03-30;100,0;Baleares, Spain;Baleares
239;2020-03-31;111,0;Baleares, Spain;Baleares
240;2020-04-01;170,0;Baleares, Spain;Baleares
241;2020-04-02;239,0;Baleares, Spain;Baleares
242;2020-04-03;375,0;Baleares, Spain;Baleares
243;2020-04-04;422,0;Baleares, Spain;Baleares
244;2020-04-05;461,0;Baleares, Spain;Baleares
245;2020-04-06;531,0;Baleares, Spain;Baleares
246;2020-04-07;537,0;Baleares, Spain;Baleares
247;2020-04-08;616,0;Baleares, Spain;Baleares
248;2020-04-09;696,0;Baleares, Spain;Baleares
249;2020-04-10;737,0;Baleares, Spain;Baleares
250;2020-04-11;757,0;Baleares, Spain;Baleares
251;2020-04-12;848,0;Baleares, Spain;Baleares
252;2020-04-13;862,0;Baleares, Spain;Baleares
253;2020-04-14;871,0;Baleares, Spain;Baleares
254;2020-04-15;881,0;Baleares, Spain;Baleares
255;2020-04-16;918,0;Baleares, Spain;Baleares
256;2020-04-17;938,0;Baleares, Spain;Baleares
257;2020-04-18;958,0;Baleares, Spain;Baleares
258;2020-04-19;993,0;Baleares, Spain;Baleares
259;2020-04-20;1005,0;Baleares, Spain;Baleares
260;2020-04-21;1005,0;Baleares, Spain;Baleares
261;2020-04-22;1017,0;Baleares, Spain;Baleares
262;2020-04-23;1047,0;Baleares, Spain;Baleares
263;2020-04-24;1081,0;Baleares, Spain;Baleares
264;2020-04-25;1102,0;Baleares, Spain;Baleares
265;2020-04-26;1123,0;Baleares, Spain;Baleares
266;2020-04-27;1136,0;Baleares, Spain;Baleares
267;2020-04-28;1166,0;Baleares, Spain;Baleares
268;2020-04-29;1196,0;Baleares, Spain;Baleares
269;2020-04-30;1219,0;Baleares, Spain;Baleares
270;2020-05-01;1245,0;Baleares, Spain;Baleares
271;2020-05-02;1268,0;Baleares, Spain;Baleares
272;2020-05-03;1284,0;Baleares, Spain;Baleares
273;2020-05-04;1294,0;Baleares, Spain;Baleares
274;2020-05-05;1307,0;Baleares, Spain;Baleares
275;2020-05-06;1321,0;Baleares, Spain;Baleares
276;2020-05-07;1345,0;Baleares, Spain;Baleares
277;2020-05-08;1374,0;Baleares, Spain;Baleares
278;2020-05-09;1395,0;Baleares, Spain;Baleares
279;2020-05-10;1401,0;Baleares, Spain;Baleares
280;2020-05-11;1415,0;Baleares, Spain;Baleares
281;2020-05-12;1423,0;Baleares, Spain;Baleares
282;2020-05-13;1465,0;Baleares, Spain;Baleares
283;2020-05-14;1492,0;Baleares, Spain;Baleares
284;2020-05-15;1513,0;Baleares, Spain;Baleares
285;2020-05-16;1519,0;Baleares, Spain;Baleares
286;2020-05-17;1523,0;Baleares, Spain;Baleares
287;2020-05-18;1533,0;Baleares, Spain;Baleares
288;2020-03-01;;Canarias, Spain;Canarias
289;2020-03-09;4,0;Canarias, Spain;Canarias
290;2020-03-10;5,0;Canarias, Spain;Canarias
291;2020-03-11;5,0;Canarias, Spain;Canarias
292;2020-03-12;5,0;Canarias, Spain;Canarias
293;2020-03-13;5,0;Canarias, Spain;Canarias
294;2020-03-14;7,0;Canarias, Spain;Canarias
295;2020-03-15;7,0;Canarias, Spain;Canarias
296;2020-03-16;7,0;Canarias, Spain;Canarias
297;2020-03-17;8,0;Canarias, Spain;Canarias
298;2020-03-18;8,0;Canarias, Spain;Canarias
299;2020-03-19;9,0;Canarias, Spain;Canarias
300;2020-03-20;9,0;Canarias, Spain;Canarias
301;2020-03-21;9,0;Canarias, Spain;Canarias
302;2020-03-22;9,0;Canarias, Spain;Canarias
303;2020-03-23;9,0;Canarias, Spain;Canarias
304;2020-03-24;9,0;Canarias, Spain;Canarias
305;2020-03-25;15,0;Canarias, Spain;Canarias
306;2020-03-26;18,0;Canarias, Spain;Canarias
307;2020-03-27;20,0;Canarias, Spain;Canarias
308;2020-03-28;25,0;Canarias, Spain;Canarias
309;2020-03-29;30,0;Canarias, Spain;Canarias
310;2020-03-30;32,0;Canarias, Spain;Canarias
311;2020-03-31;57,0;Canarias, Spain;Canarias
312;2020-04-01;77,0;Canarias, Spain;Canarias
313;2020-04-02;94,0;Canarias, Spain;Canarias
314;2020-04-03;102,0;Canarias, Spain;Canarias
315;2020-04-04;123,0;Canarias, Spain;Canarias
316;2020-04-05;137,0;Canarias, Spain;Canarias
317;2020-04-06;157,0;Canarias, Spain;Canarias
318;2020-04-07;192,0;Canarias, Spain;Canarias
319;2020-04-08;249,0;Canarias, Spain;Canarias
320;2020-04-09;359,0;Canarias, Spain;Canarias
321;2020-04-10;386,0;Canarias, Spain;Canarias
322;2020-04-11;432,0;Canarias, Spain;Canarias
323;2020-04-12;447,0;Canarias, Spain;Canarias
324;2020-04-13;458,0;Canarias, Spain;Canarias
325;2020-04-14;589,0;Canarias, Spain;Canarias
326;2020-04-15;622,0;Canarias, Spain;Canarias
327;2020-04-16;673,0;Canarias, Spain;Canarias
328;2020-04-17;730,0;Canarias, Spain;Canarias
329;2020-04-18;785,0;Canarias, Spain;Canarias
330;2020-04-19;789,0;Canarias, Spain;Canarias
331;2020-04-20;813,0;Canarias, Spain;Canarias
332;2020-04-21;878,0;Canarias, Spain;Canarias
333;2020-04-22;927,0;Canarias, Spain;Canarias
334;2020-04-23;969,0;Canarias, Spain;Canarias
335;2020-04-24;1017,0;Canarias, Spain;Canarias
336;2020-04-25;1036,0;Canarias, Spain;Canarias
337;2020-04-26;1047,0;Canarias, Spain;Canarias
338;2020-04-27;1047,0;Canarias, Spain;Canarias
339;2020-04-28;1075,0;Canarias, Spain;Canarias
340;2020-04-29;1107,0;Canarias, Spain;Canarias
341;2020-04-30;1131,0;Canarias, Spain;Canarias
342;2020-05-01;1149,0;Canarias, Spain;Canarias
343;2020-05-02;1149,0;Canarias, Spain;Canarias
344;2020-05-03;1150,0;Canarias, Spain;Canarias
345;2020-05-04;1166,0;Canarias, Spain;Canarias
346;2020-05-05;1190,0;Canarias, Spain;Canarias
347;2020-05-06;1223,0;Canarias, Spain;Canarias
348;2020-05-07;1258,0;Canarias, Spain;Canarias
349;2020-05-08;1318,0;Canarias, Spain;Canarias
350;2020-05-09;1342,0;Canarias, Spain;Canarias
351;2020-05-10;1346,0;Canarias, Spain;Canarias
352;2020-05-11;1391,0;Canarias, Spain;Canarias
353;2020-05-12;1456,0;Canarias, Spain;Canarias
354;2020-05-13;1475,0;Canarias, Spain;Canarias
355;2020-05-14;1496,0;Canarias, Spain;Canarias
356;2020-05-15;1506,0;Canarias, Spain;Canarias
357;2020-05-16;1524,0;Canarias, Spain;Canarias
358;2020-05-17;1524,0;Canarias, Spain;Canarias
359;2020-05-18;1537,0;Canarias, Spain;Canarias
360;2020-03-01;;Cantabria, Spain;Cantabria
361;2020-03-09;0,0;Cantabria, Spain;Cantabria
362;2020-03-10;0,0;Cantabria, Spain;Cantabria
363;2020-03-11;0,0;Cantabria, Spain;Cantabria
364;2020-03-12;6,0;Cantabria, Spain;Cantabria
365;2020-03-13;7,0;Cantabria, Spain;Cantabria
366;2020-03-14;7,0;Cantabria, Spain;Cantabria
367;2020-03-15;10,0;Cantabria, Spain;Cantabria
368;2020-03-16;10,0;Cantabria, Spain;Cantabria
369;2020-03-17;10,0;Cantabria, Spain;Cantabria
370;2020-03-18;10,0;Cantabria, Spain;Cantabria
371;2020-03-19;10,0;Cantabria, Spain;Cantabria
372;2020-03-20;10,0;Cantabria, Spain;Cantabria
373;2020-03-21;11,0;Cantabria, Spain;Cantabria
374;2020-03-22;11,0;Cantabria, Spain;Cantabria
375;2020-03-23;11,0;Cantabria, Spain;Cantabria
376;2020-03-24;12,0;Cantabria, Spain;Cantabria
377;2020-03-25;12,0;Cantabria, Spain;Cantabria
378;2020-03-26;14,0;Cantabria, Spain;Cantabria
379;2020-03-27;19,0;Cantabria, Spain;Cantabria
380;2020-03-28;21,0;Cantabria, Spain;Cantabria
381;2020-03-29;24,0;Cantabria, Spain;Cantabria
382;2020-03-30;24,0;Cantabria, Spain;Cantabria
383;2020-03-31;35,0;Cantabria, Spain;Cantabria
384;2020-04-01;43,0;Cantabria, Spain;Cantabria
385;2020-04-02;60,0;Cantabria, Spain;Cantabria
386;2020-04-03;74,0;Cantabria, Spain;Cantabria
387;2020-04-04;99,0;Cantabria, Spain;Cantabria
388;2020-04-05;113,0;Cantabria, Spain;Cantabria
389;2020-04-06;118,0;Cantabria, Spain;Cantabria
390;2020-04-07;129,0;Cantabria, Spain;Cantabria
391;2020-04-08;175,0;Cantabria, Spain;Cantabria
392;2020-04-09;214,0;Cantabria, Spain;Cantabria
393;2020-04-10;265,0;Cantabria, Spain;Cantabria
394;2020-04-11;281,0;Cantabria, Spain;Cantabria
395;2020-04-12;297,0;Cantabria, Spain;Cantabria
396;2020-04-13;317,0;Cantabria, Spain;Cantabria
397;2020-04-14;323,0;Cantabria, Spain;Cantabria
398;2020-04-15;363,0;Cantabria, Spain;Cantabria
399;2020-04-16;442,0;Cantabria, Spain;Cantabria
400;2020-04-17;510,0;Cantabria, Spain;Cantabria
401;2020-04-18;534,0;Cantabria, Spain;Cantabria
402;2020-04-19;610,0;Cantabria, Spain;Cantabria
403;2020-04-20;626,0;Cantabria, Spain;Cantabria
404;2020-04-21;646,0;Cantabria, Spain;Cantabria
405;2020-04-22;718,0;Cantabria, Spain;Cantabria
406;2020-04-23;850,0;Cantabria, Spain;Cantabria
407;2020-04-24;913,0;Cantabria, Spain;Cantabria
408;2020-04-25;1046,0;Cantabria, Spain;Cantabria
409;2020-04-26;1127,0;Cantabria, Spain;Cantabria
410;2020-04-27;1241,0;Cantabria, Spain;Cantabria
411;2020-04-28;1290,0;Cantabria, Spain;Cantabria
412;2020-04-29;1372,0;Cantabria, Spain;Cantabria
413;2020-04-30;1483,0;Cantabria, Spain;Cantabria
414;2020-05-01;1509,0;Cantabria, Spain;Cantabria
415;2020-05-02;1551,0;Cantabria, Spain;Cantabria
416;2020-05-03;1616,0;Cantabria, Spain;Cantabria
417;2020-05-04;1620,0;Cantabria, Spain;Cantabria
418;2020-05-05;1658,0;Cantabria, Spain;Cantabria
419;2020-05-06;1696,0;Cantabria, Spain;Cantabria
420;2020-05-07;1758,0;Cantabria, Spain;Cantabria
421;2020-05-08;1786,0;Cantabria, Spain;Cantabria
422;2020-05-09;1862,0;Cantabria, Spain;Cantabria
423;2020-05-10;1933,0;Cantabria, Spain;Cantabria
424;2020-05-11;1963,0;Cantabria, Spain;Cantabria
425;2020-05-12;1981,0;Cantabria, Spain;Cantabria
426;2020-05-13;2054,0;Cantabria, Spain;Cantabria
427;2020-05-14;2110,0;Cantabria, Spain;Cantabria
428;2020-05-15;2152,0;Cantabria, Spain;Cantabria
429;2020-05-16;2195,0;Cantabria, Spain;Cantabria
430;2020-05-17;2273,0;Cantabria, Spain;Cantabria
431;2020-05-18;2287,0;Cantabria, Spain;Cantabria
432;2020-03-01;;Castilla La Mancha, Spain;Castilla La Mancha
433;2020-03-09;2,0;Castilla La Mancha, Spain;Castilla La Mancha
434;2020-03-10;2,0;Castilla La Mancha, Spain;Castilla La Mancha
435;2020-03-11;2,0;Castilla La Mancha, Spain;Castilla La Mancha
436;2020-03-12;2,0;Castilla La Mancha, Spain;Castilla La Mancha
437;2020-03-13;2,0;Castilla La Mancha, Spain;Castilla La Mancha
438;2020-03-14;5,0;Castilla La Mancha, Spain;Castilla La Mancha
439;2020-03-15;5,0;Castilla La Mancha, Spain;Castilla La Mancha
440;2020-03-16;12,0;Castilla La Mancha, Spain;Castilla La Mancha
441;2020-03-17;12,0;Castilla La Mancha, Spain;Castilla La Mancha
442;2020-03-18;15,0;Castilla La Mancha, Spain;Castilla La Mancha
443;2020-03-19;27,0;Castilla La Mancha, Spain;Castilla La Mancha
444;2020-03-20;27,0;Castilla La Mancha, Spain;Castilla La Mancha
445;2020-03-21;38,0;Castilla La Mancha, Spain;Castilla La Mancha
446;2020-03-22;48,0;Castilla La Mancha, Spain;Castilla La Mancha
447;2020-03-23;51,0;Castilla La Mancha, Spain;Castilla La Mancha
448;2020-03-24;53,0;Castilla La Mancha, Spain;Castilla La Mancha
449;2020-03-25;71,0;Castilla La Mancha, Spain;Castilla La Mancha
450;2020-03-26;95,0;Castilla La Mancha, Spain;Castilla La Mancha
451;2020-03-27;153,0;Castilla La Mancha, Spain;Castilla La Mancha
452;2020-03-28;197,0;Castilla La Mancha, Spain;Castilla La Mancha
453;2020-03-29;236,0;Castilla La Mancha, Spain;Castilla La Mancha
454;2020-03-30;236,0;Castilla La Mancha, Spain;Castilla La Mancha
455;2020-03-31;252,0;Castilla La Mancha, Spain;Castilla La Mancha
456;2020-04-01;397,0;Castilla La Mancha, Spain;Castilla La Mancha
457;2020-04-02;494,0;Castilla La Mancha, Spain;Castilla La Mancha
458;2020-04-03;579,0;Castilla La Mancha, Spain;Castilla La Mancha
459;2020-04-04;657,0;Castilla La Mancha, Spain;Castilla La Mancha
460;2020-04-05;1149,0;Castilla La Mancha, Spain;Castilla La Mancha
461;2020-04-06;1259,0;Castilla La Mancha, Spain;Castilla La Mancha
462;2020-04-07;1353,0;Castilla La Mancha, Spain;Castilla La Mancha
463;2020-04-08;1557,0;Castilla La Mancha, Spain;Castilla La Mancha
464;2020-04-09;1766,0;Castilla La Mancha, Spain;Castilla La Mancha
465;2020-04-10;1982,0;Castilla La Mancha, Spain;Castilla La Mancha
466;2020-04-11;2205,0;Castilla La Mancha, Spain;Castilla La Mancha
467;2020-04-12;2365,0;Castilla La Mancha, Spain;Castilla La Mancha
468;2020-04-13;2532,0;Castilla La Mancha, Spain;Castilla La Mancha
469;2020-04-14;2943,0;Castilla La Mancha, Spain;Castilla La Mancha
470;2020-04-15;2998,0;Castilla La Mancha, Spain;Castilla La Mancha
471;2020-04-16;3378,0;Castilla La Mancha, Spain;Castilla La Mancha
472;2020-04-17;3600,0;Castilla La Mancha, Spain;Castilla La Mancha
473;2020-04-18;3838,0;Castilla La Mancha, Spain;Castilla La Mancha
474;2020-04-19;3963,0;Castilla La Mancha, Spain;Castilla La Mancha
475;2020-04-20;4178,0;Castilla La Mancha, Spain;Castilla La Mancha
476;2020-04-21;4242,0;Castilla La Mancha, Spain;Castilla La Mancha
477;2020-04-22;4337,0;Castilla La Mancha, Spain;Castilla La Mancha
478;2020-04-23;4577,0;Castilla La Mancha, Spain;Castilla La Mancha
479;2020-04-24;4782,0;Castilla La Mancha, Spain;Castilla La Mancha
480;2020-04-25;4876,0;Castilla La Mancha, Spain;Castilla La Mancha
481;2020-04-26;5196,0;Castilla La Mancha, Spain;Castilla La Mancha
482;2020-04-27;5282,0;Castilla La Mancha, Spain;Castilla La Mancha
483;2020-04-28;5306,0;Castilla La Mancha, Spain;Castilla La Mancha
484;2020-04-29;5382,0;Castilla La Mancha, Spain;Castilla La Mancha
485;2020-04-30;5512,0;Castilla La Mancha, Spain;Castilla La Mancha
486;2020-05-01;5615,0;Castilla La Mancha, Spain;Castilla La Mancha
487;2020-05-02;5702,0;Castilla La Mancha, Spain;Castilla La Mancha
488;2020-05-03;5772,0;Castilla La Mancha, Spain;Castilla La Mancha
489;2020-05-04;5794,0;Castilla La Mancha, Spain;Castilla La Mancha
490;2020-05-05;5824,0;Castilla La Mancha, Spain;Castilla La Mancha
491;2020-05-06;5862,0;Castilla La Mancha, Spain;Castilla La Mancha
492;2020-05-07;5895,0;Castilla La Mancha, Spain;Castilla La Mancha
493;2020-05-08;5981,0;Castilla La Mancha, Spain;Castilla La Mancha
494;2020-05-09;6062,0;Castilla La Mancha, Spain;Castilla La Mancha
495;2020-05-10;6129,0;Castilla La Mancha, Spain;Castilla La Mancha
496;2020-05-11;6172,0;Castilla La Mancha, Spain;Castilla La Mancha
497;2020-05-12;6181,0;Castilla La Mancha, Spain;Castilla La Mancha
498;2020-05-13;6205,0;Castilla La Mancha, Spain;Castilla La Mancha
499;2020-05-14;6244,0;Castilla La Mancha, Spain;Castilla La Mancha
500;2020-05-15;6294,0;Castilla La Mancha, Spain;Castilla La Mancha
501;2020-05-16;6328,0;Castilla La Mancha, Spain;Castilla La Mancha
502;2020-05-17;6378,0;Castilla La Mancha, Spain;Castilla La Mancha
503;2020-05-18;6392,0;Castilla La Mancha, Spain;Castilla La Mancha
504;2020-03-01;;Castilla y Leon, Spain;Castilla y Leon
505;2020-03-09;0,0;Castilla y Leon, Spain;Castilla y Leon
506;2020-03-10;0,0;Castilla y Leon, Spain;Castilla y Leon
507;2020-03-11;0,0;Castilla y Leon, Spain;Castilla y Leon
508;2020-03-12;0,0;Castilla y Leon, Spain;Castilla y Leon
509;2020-03-13;1,0;Castilla y Leon, Spain;Castilla y Leon
510;2020-03-14;2,0;Castilla y Leon, Spain;Castilla y Leon
511;2020-03-15;3,0;Castilla y Leon, Spain;Castilla y Leon
512;2020-03-16;5,0;Castilla y Leon, Spain;Castilla y Leon
513;2020-03-17;5,0;Castilla y Leon, Spain;Castilla y Leon
514;2020-03-18;5,0;Castilla y Leon, Spain;Castilla y Leon
515;2020-03-19;27,0;Castilla y Leon, Spain;Castilla y Leon
516;2020-03-20;37,0;Castilla y Leon, Spain;Castilla y Leon
517;2020-03-21;54,0;Castilla y Leon, Spain;Castilla y Leon
518;2020-03-22;89,0;Castilla y Leon, Spain;Castilla y Leon
519;2020-03-23;117,0;Castilla y Leon, Spain;Castilla y Leon
520;2020-03-24;140,0;Castilla y Leon, Spain;Castilla y Leon
521;2020-03-25;213,0;Castilla y Leon, Spain;Castilla y Leon
522;2020-03-26;308,0;Castilla y Leon, Spain;Castilla y Leon
523;2020-03-27;423,0;Castilla y Leon, Spain;Castilla y Leon
524;2020-03-28;585,0;Castilla y Leon, Spain;Castilla y Leon
525;2020-03-29;752,0;Castilla y Leon, Spain;Castilla y Leon
526;2020-03-30;871,0;Castilla y Leon, Spain;Castilla y Leon
527;2020-03-31;1028,0;Castilla y Leon, Spain;Castilla y Leon
528;2020-04-01;1259,0;Castilla y Leon, Spain;Castilla y Leon
529;2020-04-02;1498,0;Castilla y Leon, Spain;Castilla y Leon
530;2020-04-03;1759,0;Castilla y Leon, Spain;Castilla y Leon
531;2020-04-04;2021,0;Castilla y Leon, Spain;Castilla y Leon
532;2020-04-05;2331,0;Castilla y Leon, Spain;Castilla y Leon
533;2020-04-06;2533,0;Castilla y Leon, Spain;Castilla y Leon
534;2020-04-07;2711,0;Castilla y Leon, Spain;Castilla y Leon
535;2020-04-08;2988,0;Castilla y Leon, Spain;Castilla y Leon
536;2020-04-09;3242,0;Castilla y Leon, Spain;Castilla y Leon
537;2020-04-10;3506,0;Castilla y Leon, Spain;Castilla y Leon
538;2020-04-11;3757,0;Castilla y Leon, Spain;Castilla y Leon
539;2020-04-12;4010,0;Castilla y Leon, Spain;Castilla y Leon
540;2020-04-13;4154,0;Castilla y Leon, Spain;Castilla y Leon
541;2020-04-14;4266,0;Castilla y Leon, Spain;Castilla y Leon
542;2020-04-15;4521,0;Castilla y Leon, Spain;Castilla y Leon
543;2020-04-16;4725,0;Castilla y Leon, Spain;Castilla y Leon
544;2020-04-17;4924,0;Castilla y Leon, Spain;Castilla y Leon
545;2020-04-18;5103,0;Castilla y Leon, Spain;Castilla y Leon
546;2020-04-19;5262,0;Castilla y Leon, Spain;Castilla y Leon
547;2020-04-20;5366,0;Castilla y Leon, Spain;Castilla y Leon
548;2020-04-21;5429,0;Castilla y Leon, Spain;Castilla y Leon
549;2020-04-22;5614,0;Castilla y Leon, Spain;Castilla y Leon
550;2020-04-23;5777,0;Castilla y Leon, Spain;Castilla y Leon
551;2020-04-24;5943,0;Castilla y Leon, Spain;Castilla y Leon
552;2020-04-25;6033,0;Castilla y Leon, Spain;Castilla y Leon
553;2020-04-26;6208,0;Castilla y Leon, Spain;Castilla y Leon
554;2020-04-27;6272,0;Castilla y Leon, Spain;Castilla y Leon
555;2020-04-28;6323,0;Castilla y Leon, Spain;Castilla y Leon
556;2020-04-29;6448,0;Castilla y Leon, Spain;Castilla y Leon
557;2020-04-30;6569,0;Castilla y Leon, Spain;Castilla y Leon
558;2020-05-01;6686,0;Castilla y Leon, Spain;Castilla y Leon
559;2020-05-02;6813,0;Castilla y Leon, Spain;Castilla y Leon
560;2020-05-03;6856,0;Castilla y Leon, Spain;Castilla y Leon
561;2020-05-04;6900,0;Castilla y Leon, Spain;Castilla y Leon
562;2020-05-05;6935,0;Castilla y Leon, Spain;Castilla y Leon
563;2020-05-06;7036,0;Castilla y Leon, Spain;Castilla y Leon
564;2020-05-07;7149,0;Castilla y Leon, Spain;Castilla y Leon
565;2020-05-08;7231,0;Castilla y Leon, Spain;Castilla y Leon
566;2020-05-09;7317,0;Castilla y Leon, Spain;Castilla y Leon
567;2020-05-10;7429,0;Castilla y Leon, Spain;Castilla y Leon
568;2020-05-11;7453,0;Castilla y Leon, Spain;Castilla y Leon
569;2020-05-12;7472,0;Castilla y Leon, Spain;Castilla y Leon
570;2020-05-13;7544,0;Castilla y Leon, Spain;Castilla y Leon
571;2020-05-14;7621,0;Castilla y Leon, Spain;Castilla y Leon
572;2020-05-15;7672,0;Castilla y Leon, Spain;Castilla y Leon
573;2020-05-16;7735,0;Castilla y Leon, Spain;Castilla y Leon
574;2020-05-17;8716,0;Castilla y Leon, Spain;Castilla y Leon
575;2020-05-18;8716,0;Castilla y Leon, Spain;Castilla y Leon
576;2020-03-01;;Cataluña, Spain;Cataluña
577;2020-03-09;2,0;Cataluña, Spain;Cataluña
578;2020-03-10;5,0;Cataluña, Spain;Cataluña
579;2020-03-11;6,0;Cataluña, Spain;Cataluña
580;2020-03-12;12,0;Cataluña, Spain;Cataluña
581;2020-03-13;19,0;Cataluña, Spain;Cataluña
582;2020-03-14;32,0;Cataluña, Spain;Cataluña
583;2020-03-15;39,0;Cataluña, Spain;Cataluña
584;2020-03-16;45,0;Cataluña, Spain;Cataluña
585;2020-03-17;58,0;Cataluña, Spain;Cataluña
586;2020-03-18;79,0;Cataluña, Spain;Cataluña
587;2020-03-19;103,0;Cataluña, Spain;Cataluña
588;2020-03-20;147,0;Cataluña, Spain;Cataluña
589;2020-03-21;192,0;Cataluña, Spain;Cataluña
590;2020-03-22;247,0;Cataluña, Spain;Cataluña
591;2020-03-23;402,0;Cataluña, Spain;Cataluña
592;2020-03-24;631,0;Cataluña, Spain;Cataluña
593;2020-03-25;961,0;Cataluña, Spain;Cataluña
594;2020-03-26;1008,0;Cataluña, Spain;Cataluña
595;2020-03-27;1482,0;Cataluña, Spain;Cataluña
596;2020-03-28;1717,0;Cataluña, Spain;Cataluña
597;2020-03-29;1966,0;Cataluña, Spain;Cataluña
598;2020-03-30;2168,0;Cataluña, Spain;Cataluña
599;2020-03-31;2633,0;Cataluña, Spain;Cataluña
600;2020-04-01;3077,0;Cataluña, Spain;Cataluña
601;2020-04-02;3683,0;Cataluña, Spain;Cataluña
602;2020-04-03;3876,0;Cataluña, Spain;Cataluña
603;2020-04-04;4589,0;Cataluña, Spain;Cataluña
604;2020-04-05;5149,0;Cataluña, Spain;Cataluña
605;2020-04-06;5374,0;Cataluña, Spain;Cataluña
606;2020-04-07;6150,0;Cataluña, Spain;Cataluña
607;2020-04-08;7320,0;Cataluña, Spain;Cataluña
608;2020-04-09;8014,0;Cataluña, Spain;Cataluña
609;2020-04-10;8705,0;Cataluña, Spain;Cataluña
610;2020-04-11;9267,0;Cataluña, Spain;Cataluña
611;2020-04-12;9610,0;Cataluña, Spain;Cataluña
612;2020-04-13;10040,0;Cataluña, Spain;Cataluña
613;2020-04-14;10387,0;Cataluña, Spain;Cataluña
614;2020-04-15;11480,0;Cataluña, Spain;Cataluña
615;2020-04-16;11961,0;Cataluña, Spain;Cataluña
616;2020-04-17;12787,0;Cataluña, Spain;Cataluña
617;2020-04-18;13275,0;Cataluña, Spain;Cataluña
618;2020-04-19;13691,0;Cataluña, Spain;Cataluña
619;2020-04-20;13934,0;Cataluña, Spain;Cataluña
620;2020-04-21;14446,0;Cataluña, Spain;Cataluña
621;2020-04-22;15089,0;Cataluña, Spain;Cataluña
622;2020-04-23;15477,0;Cataluña, Spain;Cataluña
623;2020-04-24;16138,0;Cataluña, Spain;Cataluña
624;2020-04-25;16753,0;Cataluña, Spain;Cataluña
625;2020-04-26;17006,0;Cataluña, Spain;Cataluña
626;2020-04-27;17897,0;Cataluña, Spain;Cataluña
627;2020-04-28;18319,0;Cataluña, Spain;Cataluña
628;2020-04-29;19060,0;Cataluña, Spain;Cataluña
629;2020-04-30;19615,0;Cataluña, Spain;Cataluña
630;2020-05-01;19640,0;Cataluña, Spain;Cataluña
631;2020-05-02;19913,0;Cataluña, Spain;Cataluña
632;2020-05-03;20332,0;Cataluña, Spain;Cataluña
633;2020-05-04;21898,0;Cataluña, Spain;Cataluña
634;2020-05-05;22553,0;Cataluña, Spain;Cataluña
635;2020-05-06;22881,0;Cataluña, Spain;Cataluña
636;2020-05-07;23231,0;Cataluña, Spain;Cataluña
637;2020-05-08;23664,0;Cataluña, Spain;Cataluña
638;2020-05-09;24063,0;Cataluña, Spain;Cataluña
639;2020-05-10;24349,0;Cataluña, Spain;Cataluña
640;2020-05-11;24454,0;Cataluña, Spain;Cataluña
641;2020-05-12;24966,0;Cataluña, Spain;Cataluña
642;2020-05-13;25326,0;Cataluña, Spain;Cataluña
643;2020-05-14;25849,0;Cataluña, Spain;Cataluña
644;2020-05-15;25904,0;Cataluña, Spain;Cataluña
645;2020-05-16;26067,0;Cataluña, Spain;Cataluña
646;2020-05-17;26172,0;Cataluña, Spain;Cataluña
647;2020-05-18;26203,0;Cataluña, Spain;Cataluña
648;2020-03-01;;Ceuta, Spain;Ceuta
649;2020-03-09;;Ceuta, Spain;Ceuta
650;2020-03-10;;Ceuta, Spain;Ceuta
651;2020-03-11;0,0;Ceuta, Spain;Ceuta
652;2020-03-12;0,0;Ceuta, Spain;Ceuta
653;2020-03-13;0,0;Ceuta, Spain;Ceuta
654;2020-03-14;0,0;Ceuta, Spain;Ceuta
655;2020-03-15;0,0;Ceuta, Spain;Ceuta
656;2020-03-16;0,0;Ceuta, Spain;Ceuta
657;2020-03-17;0,0;Ceuta, Spain;Ceuta
658;2020-03-18;0,0;Ceuta, Spain;Ceuta
659;2020-03-19;0,0;Ceuta, Spain;Ceuta
660;2020-03-20;0,0;Ceuta, Spain;Ceuta
661;2020-03-21;0,0;Ceuta, Spain;Ceuta
662;2020-03-22;0,0;Ceuta, Spain;Ceuta
663;2020-03-23;0,0;Ceuta, Spain;Ceuta
664;2020-03-24;0,0;Ceuta, Spain;Ceuta
665;2020-03-25;0,0;Ceuta, Spain;Ceuta
666;2020-03-26;0,0;Ceuta, Spain;Ceuta
667;2020-03-27;0,0;Ceuta, Spain;Ceuta
668;2020-03-28;0,0;Ceuta, Spain;Ceuta
669;2020-03-29;0,0;Ceuta, Spain;Ceuta
670;2020-03-30;0,0;Ceuta, Spain;Ceuta
671;2020-03-31;0,0;Ceuta, Spain;Ceuta
672;2020-04-01;0,0;Ceuta, Spain;Ceuta
673;2020-04-02;0,0;Ceuta, Spain;Ceuta
674;2020-04-03;2,0;Ceuta, Spain;Ceuta
675;2020-04-04;2,0;Ceuta, Spain;Ceuta
676;2020-04-05;2,0;Ceuta, Spain;Ceuta
677;2020-04-06;2,0;Ceuta, Spain;Ceuta
678;2020-04-07;2,0;Ceuta, Spain;Ceuta
679;2020-04-08;7,0;Ceuta, Spain;Ceuta
680;2020-04-09;7,0;Ceuta, Spain;Ceuta
681;2020-04-10;12,0;Ceuta, Spain;Ceuta
682;2020-04-11;17,0;Ceuta, Spain;Ceuta
683;2020-04-12;17,0;Ceuta, Spain;Ceuta
684;2020-04-13;20,0;Ceuta, Spain;Ceuta
685;2020-04-14;22,0;Ceuta, Spain;Ceuta
686;2020-04-15;30,0;Ceuta, Spain;Ceuta
687;2020-04-16;41,0;Ceuta, Spain;Ceuta
688;2020-04-17;44,0;Ceuta, Spain;Ceuta
689;2020-04-18;53,0;Ceuta, Spain;Ceuta
690;2020-04-19;59,0;Ceuta, Spain;Ceuta
691;2020-04-20;74,0;Ceuta, Spain;Ceuta
692;2020-04-21;73,0;Ceuta, Spain;Ceuta
693;2020-04-22;76,0;Ceuta, Spain;Ceuta
694;2020-04-23;76,0;Ceuta, Spain;Ceuta
695;2020-04-24;84,0;Ceuta, Spain;Ceuta
696;2020-04-25;98,0;Ceuta, Spain;Ceuta
697;2020-04-26;104,0;Ceuta, Spain;Ceuta
698;2020-04-27;107,0;Ceuta, Spain;Ceuta
699;2020-04-28;110,0;Ceuta, Spain;Ceuta
700;2020-04-29;114,0;Ceuta, Spain;Ceuta
701;2020-04-30;126,0;Ceuta, Spain;Ceuta
702;2020-05-01;138,0;Ceuta, Spain;Ceuta
703;2020-05-02;140,0;Ceuta, Spain;Ceuta
704;2020-05-03;141,0;Ceuta, Spain;Ceuta
705;2020-05-04;142,0;Ceuta, Spain;Ceuta
706;2020-05-05;145,0;Ceuta, Spain;Ceuta
707;2020-05-06;150,0;Ceuta, Spain;Ceuta
708;2020-05-07;150,0;Ceuta, Spain;Ceuta
709;2020-05-08;154,0;Ceuta, Spain;Ceuta
710;2020-05-09;154,0;Ceuta, Spain;Ceuta
711;2020-05-10;154,0;Ceuta, Spain;Ceuta
712;2020-05-11;154,0;Ceuta, Spain;Ceuta
713;2020-05-12;154,0;Ceuta, Spain;Ceuta
714;2020-05-13;156,0;Ceuta, Spain;Ceuta
715;2020-05-14;159,0;Ceuta, Spain;Ceuta
716;2020-05-15;160,0;Ceuta, Spain;Ceuta
717;2020-05-16;163,0;Ceuta, Spain;Ceuta
718;2020-05-17;163,0;Ceuta, Spain;Ceuta
719;2020-05-18;163,0;Ceuta, Spain;Ceuta
720;2020-03-01;;Valencia, Spain;Valencia
721;2020-03-09;1,0;Valencia, Spain;Valencia
722;2020-03-10;1,0;Valencia, Spain;Valencia
723;2020-03-11;1,0;Valencia, Spain;Valencia
724;2020-03-12;1,0;Valencia, Spain;Valencia
725;2020-03-13;2,0;Valencia, Spain;Valencia
726;2020-03-14;2,0;Valencia, Spain;Valencia
727;2020-03-15;2,0;Valencia, Spain;Valencia
728;2020-03-16;2,0;Valencia, Spain;Valencia
729;2020-03-17;12,0;Valencia, Spain;Valencia
730;2020-03-18;16,0;Valencia, Spain;Valencia
731;2020-03-19;19,0;Valencia, Spain;Valencia
732;2020-03-20;20,0;Valencia, Spain;Valencia
733;2020-03-21;25,0;Valencia, Spain;Valencia
734;2020-03-22;30,0;Valencia, Spain;Valencia
735;2020-03-23;36,0;Valencia, Spain;Valencia
736;2020-03-24;37,0;Valencia, Spain;Valencia
737;2020-03-25;44,0;Valencia, Spain;Valencia
738;2020-03-26;57,0;Valencia, Spain;Valencia
739;2020-03-27;73,0;Valencia, Spain;Valencia
740;2020-03-28;92,0;Valencia, Spain;Valencia
741;2020-03-29;161,0;Valencia, Spain;Valencia
742;2020-03-30;185,0;Valencia, Spain;Valencia
743;2020-03-31;200,0;Valencia, Spain;Valencia
744;2020-04-01;240,0;Valencia, Spain;Valencia
745;2020-04-02;432,0;Valencia, Spain;Valencia
746;2020-04-03;592,0;Valencia, Spain;Valencia
747;2020-04-04;695,0;Valencia, Spain;Valencia
748;2020-04-05;812,0;Valencia, Spain;Valencia
749;2020-04-06;930,0;Valencia, Spain;Valencia
750;2020-04-07;1103,0;Valencia, Spain;Valencia
751;2020-04-08;1344,0;Valencia, Spain;Valencia
752;2020-04-09;1772,0;Valencia, Spain;Valencia
753;2020-04-10;2085,0;Valencia, Spain;Valencia
754;2020-04-11;2289,0;Valencia, Spain;Valencia
755;2020-04-12;2624,0;Valencia, Spain;Valencia
756;2020-04-13;2803,0;Valencia, Spain;Valencia
757;2020-04-14;3069,0;Valencia, Spain;Valencia
758;2020-04-15;3360,0;Valencia, Spain;Valencia
759;2020-04-16;3702,0;Valencia, Spain;Valencia
760;2020-04-17;4024,0;Valencia, Spain;Valencia
761;2020-04-18;4306,0;Valencia, Spain;Valencia
762;2020-04-19;4547,0;Valencia, Spain;Valencia
763;2020-04-20;4629,0;Valencia, Spain;Valencia
764;2020-04-21;4719,0;Valencia, Spain;Valencia
765;2020-04-22;5011,0;Valencia, Spain;Valencia
766;2020-04-23;5388,0;Valencia, Spain;Valencia
767;2020-04-24;5809,0;Valencia, Spain;Valencia
768;2020-04-25;6033,0;Valencia, Spain;Valencia
769;2020-04-26;6243,0;Valencia, Spain;Valencia
770;2020-04-27;6317,0;Valencia, Spain;Valencia
771;2020-04-28;6423,0;Valencia, Spain;Valencia
772;2020-04-29;6599,0;Valencia, Spain;Valencia
773;2020-04-30;6886,0;Valencia, Spain;Valencia
774;2020-05-01;7078,0;Valencia, Spain;Valencia
775;2020-05-02;7287,0;Valencia, Spain;Valencia
776;2020-05-03;7447,0;Valencia, Spain;Valencia
777;2020-05-04;7506,0;Valencia, Spain;Valencia
778;2020-05-05;7655,0;Valencia, Spain;Valencia
779;2020-05-06;7747,0;Valencia, Spain;Valencia
780;2020-05-07;8010,0;Valencia, Spain;Valencia
781;2020-05-08;8181,0;Valencia, Spain;Valencia
782;2020-05-09;8796,0;Valencia, Spain;Valencia
783;2020-05-10;8861,0;Valencia, Spain;Valencia
784;2020-05-11;8945,0;Valencia, Spain;Valencia
785;2020-05-12;9089,0;Valencia, Spain;Valencia
786;2020-05-13;9268,0;Valencia, Spain;Valencia
787;2020-05-14;9490,0;Valencia, Spain;Valencia
788;2020-05-15;9708,0;Valencia, Spain;Valencia
789;2020-05-16;9761,0;Valencia, Spain;Valencia
790;2020-05-17;9907,0;Valencia, Spain;Valencia
791;2020-05-18;9970,0;Valencia, Spain;Valencia
792;2020-03-01;;Extremadura, Spain;Extremadura
793;2020-03-09;1,0;Extremadura, Spain;Extremadura
794;2020-03-10;1,0;Extremadura, Spain;Extremadura
795;2020-03-11;1,0;Extremadura, Spain;Extremadura
796;2020-03-12;3,0;Extremadura, Spain;Extremadura
797;2020-03-13;3,0;Extremadura, Spain;Extremadura
798;2020-03-14;4,0;Extremadura, Spain;Extremadura
799;2020-03-15;4,0;Extremadura, Spain;Extremadura
800;2020-03-16;4,0;Extremadura, Spain;Extremadura
801;2020-03-17;5,0;Extremadura, Spain;Extremadura
802;2020-03-18;6,0;Extremadura, Spain;Extremadura
803;2020-03-19;6,0;Extremadura, Spain;Extremadura
804;2020-03-20;7,0;Extremadura, Spain;Extremadura
805;2020-03-21;8,0;Extremadura, Spain;Extremadura
806;2020-03-22;8,0;Extremadura, Spain;Extremadura
807;2020-03-23;8,0;Extremadura, Spain;Extremadura
808;2020-03-24;8,0;Extremadura, Spain;Extremadura
809;2020-03-25;8,0;Extremadura, Spain;Extremadura
810;2020-03-26;24,0;Extremadura, Spain;Extremadura
811;2020-03-27;33,0;Extremadura, Spain;Extremadura
812;2020-03-28;49,0;Extremadura, Spain;Extremadura
813;2020-03-29;51,0;Extremadura, Spain;Extremadura
814;2020-03-30;60,0;Extremadura, Spain;Extremadura
815;2020-03-31;91,0;Extremadura, Spain;Extremadura
816;2020-04-01;113,0;Extremadura, Spain;Extremadura
817;2020-04-02;139,0;Extremadura, Spain;Extremadura
818;2020-04-03;164,0;Extremadura, Spain;Extremadura
819;2020-04-04;205,0;Extremadura, Spain;Extremadura
820;2020-04-05;215,0;Extremadura, Spain;Extremadura
821;2020-04-06;223,0;Extremadura, Spain;Extremadura
822;2020-04-07;282,0;Extremadura, Spain;Extremadura
823;2020-04-08;328,0;Extremadura, Spain;Extremadura
824;2020-04-09;381,0;Extremadura, Spain;Extremadura
825;2020-04-10;397,0;Extremadura, Spain;Extremadura
826;2020-04-11;462,0;Extremadura, Spain;Extremadura
827;2020-04-12;481,0;Extremadura, Spain;Extremadura
828;2020-04-13;511,0;Extremadura, Spain;Extremadura
829;2020-04-14;578,0;Extremadura, Spain;Extremadura
830;2020-04-15;615,0;Extremadura, Spain;Extremadura
831;2020-04-16;649,0;Extremadura, Spain;Extremadura
832;2020-04-17;707,0;Extremadura, Spain;Extremadura
833;2020-04-18;736,0;Extremadura, Spain;Extremadura
834;2020-04-19;767,0;Extremadura, Spain;Extremadura
835;2020-04-20;858,0;Extremadura, Spain;Extremadura
836;2020-04-21;921,0;Extremadura, Spain;Extremadura
837;2020-04-22;1051,0;Extremadura, Spain;Extremadura
838;2020-04-23;1237,0;Extremadura, Spain;Extremadura
839;2020-04-24;1358,0;Extremadura, Spain;Extremadura
840;2020-04-25;1510,0;Extremadura, Spain;Extremadura
841;2020-04-26;1582,0;Extremadura, Spain;Extremadura
842;2020-04-27;1652,0;Extremadura, Spain;Extremadura
843;2020-04-28;1733,0;Extremadura, Spain;Extremadura
844;2020-04-29;1797,0;Extremadura, Spain;Extremadura
845;2020-04-30;1887,0;Extremadura, Spain;Extremadura
846;2020-05-01;1960,0;Extremadura, Spain;Extremadura
847;2020-05-02;2017,0;Extremadura, Spain;Extremadura
848;2020-05-03;2072,0;Extremadura, Spain;Extremadura
849;2020-05-04;2090,0;Extremadura, Spain;Extremadura
850;2020-05-05;2146,0;Extremadura, Spain;Extremadura
851;2020-05-06;2189,0;Extremadura, Spain;Extremadura
852;2020-05-07;2265,0;Extremadura, Spain;Extremadura
853;2020-05-08;2312,0;Extremadura, Spain;Extremadura
854;2020-05-09;2354,0;Extremadura, Spain;Extremadura
855;2020-05-10;2369,0;Extremadura, Spain;Extremadura
856;2020-05-11;2409,0;Extremadura, Spain;Extremadura
857;2020-05-12;2422,0;Extremadura, Spain;Extremadura
858;2020-05-13;2456,0;Extremadura, Spain;Extremadura
859;2020-05-14;2482,0;Extremadura, Spain;Extremadura
860;2020-05-15;2587,0;Extremadura, Spain;Extremadura
861;2020-05-16;2609,0;Extremadura, Spain;Extremadura
862;2020-05-17;2636,0;Extremadura, Spain;Extremadura
863;2020-05-18;2652,0;Extremadura, Spain;Extremadura
864;2020-03-01;;Galicia, Spain;Galicia
865;2020-03-09;0,0;Galicia, Spain;Galicia
866;2020-03-10;0,0;Galicia, Spain;Galicia
867;2020-03-11;0,0;Galicia, Spain;Galicia
868;2020-03-12;0,0;Galicia, Spain;Galicia
869;2020-03-13;0,0;Galicia, Spain;Galicia
870;2020-03-14;3,0;Galicia, Spain;Galicia
871;2020-03-15;4,0;Galicia, Spain;Galicia
872;2020-03-16;4,0;Galicia, Spain;Galicia
873;2020-03-17;4,0;Galicia, Spain;Galicia
874;2020-03-18;4,0;Galicia, Spain;Galicia
875;2020-03-19;4,0;Galicia, Spain;Galicia
876;2020-03-20;5,0;Galicia, Spain;Galicia
877;2020-03-21;6,0;Galicia, Spain;Galicia
878;2020-03-22;16,0;Galicia, Spain;Galicia
879;2020-03-23;19,0;Galicia, Spain;Galicia
880;2020-03-24;19,0;Galicia, Spain;Galicia
881;2020-03-25;25,0;Galicia, Spain;Galicia
882;2020-03-26;47,0;Galicia, Spain;Galicia
883;2020-03-27;67,0;Galicia, Spain;Galicia
884;2020-03-28;95,0;Galicia, Spain;Galicia
885;2020-03-29;153,0;Galicia, Spain;Galicia
886;2020-03-30;168,0;Galicia, Spain;Galicia
887;2020-03-31;187,0;Galicia, Spain;Galicia
888;2020-04-01;259,0;Galicia, Spain;Galicia
889;2020-04-02;333,0;Galicia, Spain;Galicia
890;2020-04-03;435,0;Galicia, Spain;Galicia
891;2020-04-04;531,0;Galicia, Spain;Galicia
892;2020-04-05;587,0;Galicia, Spain;Galicia
893;2020-04-06;610,0;Galicia, Spain;Galicia
894;2020-04-07;688,0;Galicia, Spain;Galicia
895;2020-04-08;800,0;Galicia, Spain;Galicia
896;2020-04-09;910,0;Galicia, Spain;Galicia
897;2020-04-10;997,0;Galicia, Spain;Galicia
898;2020-04-11;1082,0;Galicia, Spain;Galicia
899;2020-04-12;1143,0;Galicia, Spain;Galicia
900;2020-04-13;1186,0;Galicia, Spain;Galicia
901;2020-04-14;1240,0;Galicia, Spain;Galicia
902;2020-04-15;1298,0;Galicia, Spain;Galicia
903;2020-04-16;1383,0;Galicia, Spain;Galicia
904;2020-04-17;1456,0;Galicia, Spain;Galicia
905;2020-04-18;1507,0;Galicia, Spain;Galicia
906;2020-04-19;1536,0;Galicia, Spain;Galicia
907;2020-04-20;1548,0;Galicia, Spain;Galicia
908;2020-04-21;1588,0;Galicia, Spain;Galicia
909;2020-04-22;1625,0;Galicia, Spain;Galicia
910;2020-04-23;1676,0;Galicia, Spain;Galicia
911;2020-04-24;1730,0;Galicia, Spain;Galicia
912;2020-04-25;1783,0;Galicia, Spain;Galicia
913;2020-04-26;1803,0;Galicia, Spain;Galicia
914;2020-04-27;1816,0;Galicia, Spain;Galicia
915;2020-04-28;1841,0;Galicia, Spain;Galicia
916;2020-04-29;5393,0;Galicia, Spain;Galicia
917;2020-04-30;5573,0;Galicia, Spain;Galicia
918;2020-05-01;5816,0;Galicia, Spain;Galicia
919;2020-05-02;5981,0;Galicia, Spain;Galicia
920;2020-05-03;6075,0;Galicia, Spain;Galicia
921;2020-05-04;6234,0;Galicia, Spain;Galicia
922;2020-05-05;6561,0;Galicia, Spain;Galicia
923;2020-05-06;6802,0;Galicia, Spain;Galicia
924;2020-05-07;6959,0;Galicia, Spain;Galicia
925;2020-05-08;7138,0;Galicia, Spain;Galicia
926;2020-05-09;7225,0;Galicia, Spain;Galicia
927;2020-05-10;7347,0;Galicia, Spain;Galicia
928;2020-05-11;7444,0;Galicia, Spain;Galicia
929;2020-05-12;7820,0;Galicia, Spain;Galicia
930;2020-05-13;7996,0;Galicia, Spain;Galicia
931;2020-05-14;8157,0;Galicia, Spain;Galicia
932;2020-05-15;8283,0;Galicia, Spain;Galicia
933;2020-05-16;8820,0;Galicia, Spain;Galicia
934;2020-05-17;9155,0;Galicia, Spain;Galicia
935;2020-05-18;9204,0;Galicia, Spain;Galicia
936;2020-03-01;;Madrid, Spain;Madrid
937;2020-03-09;;Madrid, Spain;Madrid
938;2020-03-10;109,0;Madrid, Spain;Madrid
939;2020-03-11;157,0;Madrid, Spain;Madrid
940;2020-03-12;157,0;Madrid, Spain;Madrid
941;2020-03-13;157,0;Madrid, Spain;Madrid
942;2020-03-14;474,0;Madrid, Spain;Madrid
943;2020-03-15;474,0;Madrid, Spain;Madrid
944;2020-03-16;474,0;Madrid, Spain;Madrid
945;2020-03-17;770,0;Madrid, Spain;Madrid
946;2020-03-18;770,0;Madrid, Spain;Madrid
947;2020-03-19;941,0;Madrid, Spain;Madrid
948;2020-03-20;1186,0;Madrid, Spain;Madrid
949;2020-03-21;1542,0;Madrid, Spain;Madrid
950;2020-03-22;1899,0;Madrid, Spain;Madrid
951;2020-03-23;2063,0;Madrid, Spain;Madrid
952;2020-03-24;2291,0;Madrid, Spain;Madrid
953;2020-03-25;3031,0;Madrid, Spain;Madrid
954;2020-03-26;3882,0;Madrid, Spain;Madrid
955;2020-03-27;5044,0;Madrid, Spain;Madrid
956;2020-03-28;6326,0;Madrid, Spain;Madrid
957;2020-03-29;7491,0;Madrid, Spain;Madrid
958;2020-03-30;8301,0;Madrid, Spain;Madrid
959;2020-03-31;9330,0;Madrid, Spain;Madrid
960;2020-04-01;10827,0;Madrid, Spain;Madrid
961;2020-04-02;12400,0;Madrid, Spain;Madrid
962;2020-04-03;13850,0;Madrid, Spain;Madrid
963;2020-04-04;15362,0;Madrid, Spain;Madrid
964;2020-04-05;16543,0;Madrid, Spain;Madrid
965;2020-04-06;17322,0;Madrid, Spain;Madrid
966;2020-04-07;18410,0;Madrid, Spain;Madrid
967;2020-04-08;19836,0;Madrid, Spain;Madrid
968;2020-04-09;21121,0;Madrid, Spain;Madrid
969;2020-04-10;22414,0;Madrid, Spain;Madrid
970;2020-04-11;23663,0;Madrid, Spain;Madrid
971;2020-04-12;24683,0;Madrid, Spain;Madrid
972;2020-04-13;25385,0;Madrid, Spain;Madrid
973;2020-04-14;26247,0;Madrid, Spain;Madrid
974;2020-04-15;27433,0;Madrid, Spain;Madrid
975;2020-04-16;28491,0;Madrid, Spain;Madrid
976;2020-04-17;29436,0;Madrid, Spain;Madrid
977;2020-04-18;30475,0;Madrid, Spain;Madrid
978;2020-04-19;31313,0;Madrid, Spain;Madrid
979;2020-04-20;31762,0;Madrid, Spain;Madrid
980;2020-04-21;32277,0;Madrid, Spain;Madrid
981;2020-04-22;33032,0;Madrid, Spain;Madrid
982;2020-04-23;33645,0;Madrid, Spain;Madrid
983;2020-04-24;34212,0;Madrid, Spain;Madrid
984;2020-04-25;34902,0;Madrid, Spain;Madrid
985;2020-04-26;35367,0;Madrid, Spain;Madrid
986;2020-04-27;35565,0;Madrid, Spain;Madrid
987;2020-04-28;35841,0;Madrid, Spain;Madrid
988;2020-04-29;36314,0;Madrid, Spain;Madrid
989;2020-04-30;36707,0;Madrid, Spain;Madrid
990;2020-05-01;37154,0;Madrid, Spain;Madrid
991;2020-05-02;37530,0;Madrid, Spain;Madrid
992;2020-05-03;37704,0;Madrid, Spain;Madrid
993;2020-05-04;37808,0;Madrid, Spain;Madrid
994;2020-05-05;38002,0;Madrid, Spain;Madrid
995;2020-05-06;38331,0;Madrid, Spain;Madrid
996;2020-05-07;38670,0;Madrid, Spain;Madrid
997;2020-05-08;38975,0;Madrid, Spain;Madrid
998;2020-05-09;39227,0;Madrid, Spain;Madrid
999;2020-05-10;39529,0;Madrid, Spain;Madrid
1000;2020-05-11;39604,0;Madrid, Spain;Madrid
1001;2020-05-12;39751,0;Madrid, Spain;Madrid
1002;2020-05-13;39984,0;Madrid, Spain;Madrid
1003;2020-05-14;40199,0;Madrid, Spain;Madrid
1004;2020-05-15;40383,0;Madrid, Spain;Madrid
1005;2020-05-16;40586,0;Madrid, Spain;Madrid
1006;2020-05-17;40698,0;Madrid, Spain;Madrid
1007;2020-05-18;40736,0;Madrid, Spain;Madrid
1008;2020-03-01;;Melilla, Spain;Melilla
1009;2020-03-09;;Melilla, Spain;Melilla
1010;2020-03-10;;Melilla, Spain;Melilla
1011;2020-03-11;0,0;Melilla, Spain;Melilla
1012;2020-03-12;0,0;Melilla, Spain;Melilla
1013;2020-03-13;0,0;Melilla, Spain;Melilla
1014;2020-03-14;0,0;Melilla, Spain;Melilla
1015;2020-03-15;0,0;Melilla, Spain;Melilla
1016;2020-03-16;0,0;Melilla, Spain;Melilla
1017;2020-03-17;0,0;Melilla, Spain;Melilla
1018;2020-03-18;0,0;Melilla, Spain;Melilla
1019;2020-03-19;0,0;Melilla, Spain;Melilla
1020;2020-03-20;0,0;Melilla, Spain;Melilla
1021;2020-03-21;0,0;Melilla, Spain;Melilla
1022;2020-03-22;0,0;Melilla, Spain;Melilla
1023;2020-03-23;0,0;Melilla, Spain;Melilla
1024;2020-03-24;0,0;Melilla, Spain;Melilla
1025;2020-03-25;0,0;Melilla, Spain;Melilla
1026;2020-03-26;0,0;Melilla, Spain;Melilla
1027;2020-03-27;0,0;Melilla, Spain;Melilla
1028;2020-03-28;0,0;Melilla, Spain;Melilla
1029;2020-03-29;0,0;Melilla, Spain;Melilla
1030;2020-03-30;0,0;Melilla, Spain;Melilla
1031;2020-03-31;0,0;Melilla, Spain;Melilla
1032;2020-04-01;0,0;Melilla, Spain;Melilla
1033;2020-04-02;0,0;Melilla, Spain;Melilla
1034;2020-04-03;4,0;Melilla, Spain;Melilla
1035;2020-04-04;9,0;Melilla, Spain;Melilla
1036;2020-04-05;11,0;Melilla, Spain;Melilla
1037;2020-04-06;11,0;Melilla, Spain;Melilla
1038;2020-04-07;11,0;Melilla, Spain;Melilla
1039;2020-04-08;12,0;Melilla, Spain;Melilla
1040;2020-04-09;16,0;Melilla, Spain;Melilla
1041;2020-04-10;17,0;Melilla, Spain;Melilla
1042;2020-04-11;18,0;Melilla, Spain;Melilla
1043;2020-04-12;18,0;Melilla, Spain;Melilla
1044;2020-04-13;18,0;Melilla, Spain;Melilla
1045;2020-04-14;18,0;Melilla, Spain;Melilla
1046;2020-04-15;24,0;Melilla, Spain;Melilla
1047;2020-04-16;27,0;Melilla, Spain;Melilla
1048;2020-04-17;30,0;Melilla, Spain;Melilla
1049;2020-04-18;30,0;Melilla, Spain;Melilla
1050;2020-04-19;44,0;Melilla, Spain;Melilla
1051;2020-04-20;46,0;Melilla, Spain;Melilla
1052;2020-04-21;46,0;Melilla, Spain;Melilla
1053;2020-04-22;50,0;Melilla, Spain;Melilla
1054;2020-04-23;55,0;Melilla, Spain;Melilla
1055;2020-04-24;61,0;Melilla, Spain;Melilla
1056;2020-04-25;77,0;Melilla, Spain;Melilla
1057;2020-04-26;81,0;Melilla, Spain;Melilla
1058;2020-04-27;87,0;Melilla, Spain;Melilla
1059;2020-04-28;92,0;Melilla, Spain;Melilla
1060;2020-04-29;95,0;Melilla, Spain;Melilla
1061;2020-04-30;96,0;Melilla, Spain;Melilla
1062;2020-05-01;96,0;Melilla, Spain;Melilla
1063;2020-05-02;96,0;Melilla, Spain;Melilla
1064;2020-05-03;98,0;Melilla, Spain;Melilla
1065;2020-05-04;101,0;Melilla, Spain;Melilla
1066;2020-05-05;101,0;Melilla, Spain;Melilla
1067;2020-05-06;104,0;Melilla, Spain;Melilla
1068;2020-05-07;108,0;Melilla, Spain;Melilla
1069;2020-05-08;108,0;Melilla, Spain;Melilla
1070;2020-05-09;108,0;Melilla, Spain;Melilla
1071;2020-05-10;111,0;Melilla, Spain;Melilla
1072;2020-05-11;113,0;Melilla, Spain;Melilla
1073;2020-05-12;115,0;Melilla, Spain;Melilla
1074;2020-05-13;115,0;Melilla, Spain;Melilla
1075;2020-05-14;119,0;Melilla, Spain;Melilla
1076;2020-05-15;119,0;Melilla, Spain;Melilla
1077;2020-05-16;122,0;Melilla, Spain;Melilla
1078;2020-05-17;124,0;Melilla, Spain;Melilla
1079;2020-05-18;125,0;Melilla, Spain;Melilla
1080;2020-03-01;;Murcia, Spain;Murcia
1081;2020-03-09;0,0;Murcia, Spain;Murcia
1082;2020-03-10;0,0;Murcia, Spain;Murcia
1083;2020-03-11;0,0;Murcia, Spain;Murcia
1084;2020-03-12;0,0;Murcia, Spain;Murcia
1085;2020-03-13;0,0;Murcia, Spain;Murcia
1086;2020-03-14;0,0;Murcia, Spain;Murcia
1087;2020-03-15;0,0;Murcia, Spain;Murcia
1088;2020-03-16;1,0;Murcia, Spain;Murcia
1089;2020-03-17;1,0;Murcia, Spain;Murcia
1090;2020-03-18;1,0;Murcia, Spain;Murcia
1091;2020-03-19;1,0;Murcia, Spain;Murcia
1092;2020-03-20;1,0;Murcia, Spain;Murcia
1093;2020-03-21;1,0;Murcia, Spain;Murcia
1094;2020-03-22;1,0;Murcia, Spain;Murcia
1095;2020-03-23;1,0;Murcia, Spain;Murcia
1096;2020-03-24;1,0;Murcia, Spain;Murcia
1097;2020-03-25;4,0;Murcia, Spain;Murcia
1098;2020-03-26;9,0;Murcia, Spain;Murcia
1099;2020-03-27;12,0;Murcia, Spain;Murcia
1100;2020-03-28;12,0;Murcia, Spain;Murcia
1101;2020-03-29;16,0;Murcia, Spain;Murcia
1102;2020-03-30;17,0;Murcia, Spain;Murcia
1103;2020-03-31;20,0;Murcia, Spain;Murcia
1104;2020-04-01;43,0;Murcia, Spain;Murcia
1105;2020-04-02;45,0;Murcia, Spain;Murcia
1106;2020-04-03;90,0;Murcia, Spain;Murcia
1107;2020-04-04;113,0;Murcia, Spain;Murcia
1108;2020-04-05;130,0;Murcia, Spain;Murcia
1109;2020-04-06;156,0;Murcia, Spain;Murcia
1110;2020-04-07;193,0;Murcia, Spain;Murcia
1111;2020-04-08;203,0;Murcia, Spain;Murcia
1112;2020-04-09;219,0;Murcia, Spain;Murcia
1113;2020-04-10;255,0;Murcia, Spain;Murcia
1114;2020-04-11;275,0;Murcia, Spain;Murcia
1115;2020-04-12;344,0;Murcia, Spain;Murcia
1116;2020-04-13;353,0;Murcia, Spain;Murcia
1117;2020-04-14;476,0;Murcia, Spain;Murcia
1118;2020-04-15;513,0;Murcia, Spain;Murcia
1119;2020-04-16;516,0;Murcia, Spain;Murcia
1120;2020-04-17;545,0;Murcia, Spain;Murcia
1121;2020-04-18;638,0;Murcia, Spain;Murcia
1122;2020-04-19;652,0;Murcia, Spain;Murcia
1123;2020-04-20;662,0;Murcia, Spain;Murcia
1124;2020-04-21;702,0;Murcia, Spain;Murcia
1125;2020-04-22;761,0;Murcia, Spain;Murcia
1126;2020-04-23;766,0;Murcia, Spain;Murcia
1127;2020-04-24;791,0;Murcia, Spain;Murcia
1128;2020-04-25;842,0;Murcia, Spain;Murcia
1129;2020-04-26;920,0;Murcia, Spain;Murcia
1130;2020-04-27;990,0;Murcia, Spain;Murcia
1131;2020-04-28;1113,0;Murcia, Spain;Murcia
1132;2020-04-29;1153,0;Murcia, Spain;Murcia
1133;2020-04-30;1202,0;Murcia, Spain;Murcia
1134;2020-05-01;1229,0;Murcia, Spain;Murcia
1135;2020-05-02;1251,0;Murcia, Spain;Murcia
1136;2020-05-03;1260,0;Murcia, Spain;Murcia
1137;2020-05-04;1277,0;Murcia, Spain;Murcia
1138;2020-05-05;1381,0;Murcia, Spain;Murcia
1139;2020-05-06;1465,0;Murcia, Spain;Murcia
1140;2020-05-07;1527,0;Murcia, Spain;Murcia
1141;2020-05-08;1662,0;Murcia, Spain;Murcia
1142;2020-05-09;1767,0;Murcia, Spain;Murcia
1143;2020-05-10;1782,0;Murcia, Spain;Murcia
1144;2020-05-11;1786,0;Murcia, Spain;Murcia
1145;2020-05-12;1819,0;Murcia, Spain;Murcia
1146;2020-05-13;1861,0;Murcia, Spain;Murcia
1147;2020-05-14;1998,0;Murcia, Spain;Murcia
1148;2020-05-15;2034,0;Murcia, Spain;Murcia
1149;2020-05-16;2073,0;Murcia, Spain;Murcia
1150;2020-05-17;2084,0;Murcia, Spain;Murcia
1151;2020-05-18;2180,0;Murcia, Spain;Murcia
1152;2020-03-01;;Navarra, Spain;Navarra
1153;2020-03-09;0,0;Navarra, Spain;Navarra
1154;2020-03-10;0,0;Navarra, Spain;Navarra
1155;2020-03-11;0,0;Navarra, Spain;Navarra
1156;2020-03-12;0,0;Navarra, Spain;Navarra
1157;2020-03-13;0,0;Navarra, Spain;Navarra
1158;2020-03-14;0,0;Navarra, Spain;Navarra
1159;2020-03-15;0,0;Navarra, Spain;Navarra
1160;2020-03-16;0,0;Navarra, Spain;Navarra
1161;2020-03-17;0,0;Navarra, Spain;Navarra
1162;2020-03-18;0,0;Navarra, Spain;Navarra
1163;2020-03-19;0,0;Navarra, Spain;Navarra
1164;2020-03-20;1,0;Navarra, Spain;Navarra
1165;2020-03-21;1,0;Navarra, Spain;Navarra
1166;2020-03-22;4,0;Navarra, Spain;Navarra
1167;2020-03-23;7,0;Navarra, Spain;Navarra
1168;2020-03-24;11,0;Navarra, Spain;Navarra
1169;2020-03-25;23,0;Navarra, Spain;Navarra
1170;2020-03-26;35,0;Navarra, Spain;Navarra
1171;2020-03-27;70,0;Navarra, Spain;Navarra
1172;2020-03-28;98,0;Navarra, Spain;Navarra
1173;2020-03-29;125,0;Navarra, Spain;Navarra
1174;2020-03-30;161,0;Navarra, Spain;Navarra
1175;2020-03-31;192,0;Navarra, Spain;Navarra
1176;2020-04-01;236,0;Navarra, Spain;Navarra
1177;2020-04-02;278,0;Navarra, Spain;Navarra
1178;2020-04-03;294,0;Navarra, Spain;Navarra
1179;2020-04-04;311,0;Navarra, Spain;Navarra
1180;2020-04-05;334,0;Navarra, Spain;Navarra
1181;2020-04-06;380,0;Navarra, Spain;Navarra
1182;2020-04-07;421,0;Navarra, Spain;Navarra
1183;2020-04-08;450,0;Navarra, Spain;Navarra
1184;2020-04-09;462,0;Navarra, Spain;Navarra
1185;2020-04-10;560,0;Navarra, Spain;Navarra
1186;2020-04-11;603,0;Navarra, Spain;Navarra
1187;2020-04-12;650,0;Navarra, Spain;Navarra
1188;2020-04-13;695,0;Navarra, Spain;Navarra
1189;2020-04-14;730,0;Navarra, Spain;Navarra
1190;2020-04-15;808,0;Navarra, Spain;Navarra
1191;2020-04-16;845,0;Navarra, Spain;Navarra
1192;2020-04-17;892,0;Navarra, Spain;Navarra
1193;2020-04-18;954,0;Navarra, Spain;Navarra
1194;2020-04-19;992,0;Navarra, Spain;Navarra
1195;2020-04-20;1123,0;Navarra, Spain;Navarra
1196;2020-04-21;1190,0;Navarra, Spain;Navarra
1197;2020-04-22;1316,0;Navarra, Spain;Navarra
1198;2020-04-23;1445,0;Navarra, Spain;Navarra
1199;2020-04-24;1552,0;Navarra, Spain;Navarra
1200;2020-04-25;1737,0;Navarra, Spain;Navarra
1201;2020-04-26;1835,0;Navarra, Spain;Navarra
1202;2020-04-27;1918,0;Navarra, Spain;Navarra
1203;2020-04-28;1978,0;Navarra, Spain;Navarra
1204;2020-04-29;2082,0;Navarra, Spain;Navarra
1205;2020-04-30;2113,0;Navarra, Spain;Navarra
1206;2020-05-01;2185,0;Navarra, Spain;Navarra
1207;2020-05-02;2281,0;Navarra, Spain;Navarra
1208;2020-05-03;2411,0;Navarra, Spain;Navarra
1209;2020-05-04;2494,0;Navarra, Spain;Navarra
1210;2020-05-05;2562,0;Navarra, Spain;Navarra
1211;2020-05-06;2628,0;Navarra, Spain;Navarra
1212;2020-05-07;2732,0;Navarra, Spain;Navarra
1213;2020-05-08;2827,0;Navarra, Spain;Navarra
1214;2020-05-09;2917,0;Navarra, Spain;Navarra
1215;2020-05-10;3014,0;Navarra, Spain;Navarra
1216;2020-05-11;3070,0;Navarra, Spain;Navarra
1217;2020-05-12;3155,0;Navarra, Spain;Navarra
1218;2020-05-13;3297,0;Navarra, Spain;Navarra
1219;2020-05-14;3400,0;Navarra, Spain;Navarra
1220;2020-05-15;3550,0;Navarra, Spain;Navarra
1221;2020-05-16;3658,0;Navarra, Spain;Navarra
1222;2020-05-17;3751,0;Navarra, Spain;Navarra
1223;2020-05-18;3905,0;Navarra, Spain;Navarra
1224;2020-03-01;;País Vasco, Spain;País Vasco
1225;2020-03-09;2,0;País Vasco, Spain;País Vasco
1226;2020-03-10;2,0;País Vasco, Spain;País Vasco
1227;2020-03-11;2,0;País Vasco, Spain;País Vasco
1228;2020-03-12;2,0;País Vasco, Spain;País Vasco
1229;2020-03-13;2,0;País Vasco, Spain;País Vasco
1230;2020-03-14;5,0;País Vasco, Spain;País Vasco
1231;2020-03-15;5,0;País Vasco, Spain;País Vasco
1232;2020-03-16;5,0;País Vasco, Spain;País Vasco
1233;2020-03-17;11,0;País Vasco, Spain;País Vasco
1234;2020-03-18;14,0;País Vasco, Spain;País Vasco
1235;2020-03-19;18,0;País Vasco, Spain;País Vasco
1236;2020-03-20;21,0;País Vasco, Spain;País Vasco
1237;2020-03-21;165,0;País Vasco, Spain;País Vasco
1238;2020-03-22;216,0;País Vasco, Spain;País Vasco
1239;2020-03-23;283,0;País Vasco, Spain;País Vasco
1240;2020-03-24;344,0;País Vasco, Spain;País Vasco
1241;2020-03-25;466,0;País Vasco, Spain;País Vasco
1242;2020-03-26;621,0;País Vasco, Spain;País Vasco
1243;2020-03-27;814,0;País Vasco, Spain;País Vasco
1244;2020-03-28;1023,0;País Vasco, Spain;País Vasco
1245;2020-03-29;1503,0;País Vasco, Spain;País Vasco
1246;2020-03-30;1646,0;País Vasco, Spain;País Vasco
1247;2020-03-31;1796,0;País Vasco, Spain;País Vasco
1248;2020-04-01;2165,0;País Vasco, Spain;País Vasco
1249;2020-04-02;2490,0;País Vasco, Spain;País Vasco
1250;2020-04-03;2809,0;País Vasco, Spain;País Vasco
1251;2020-04-04;3098,0;País Vasco, Spain;País Vasco
1252;2020-04-05;3405,0;País Vasco, Spain;País Vasco
1253;2020-04-06;3568,0;País Vasco, Spain;País Vasco
1254;2020-04-07;3728,0;País Vasco, Spain;País Vasco
1255;2020-04-08;4151,0;País Vasco, Spain;País Vasco
1256;2020-04-09;4514,0;País Vasco, Spain;País Vasco
1257;2020-04-10;4680,0;País Vasco, Spain;País Vasco
1258;2020-04-11;4741,0;País Vasco, Spain;País Vasco
1259;2020-04-12;4867,0;País Vasco, Spain;País Vasco
1260;2020-04-13;5026,0;País Vasco, Spain;País Vasco
1261;2020-04-14;5193,0;País Vasco, Spain;País Vasco
1262;2020-04-15;5428,0;País Vasco, Spain;País Vasco
1263;2020-04-16;5813,0;País Vasco, Spain;País Vasco
1264;2020-04-17;6144,0;País Vasco, Spain;País Vasco
1265;2020-04-18;6556,0;País Vasco, Spain;País Vasco
1266;2020-04-19;6972,0;País Vasco, Spain;País Vasco
1267;2020-04-20;7124,0;País Vasco, Spain;País Vasco
1268;2020-04-21;7277,0;País Vasco, Spain;País Vasco
1269;2020-04-22;7651,0;País Vasco, Spain;País Vasco
1270;2020-04-23;8136,0;País Vasco, Spain;País Vasco
1271;2020-04-24;8459,0;País Vasco, Spain;País Vasco
1272;2020-04-25;8941,0;País Vasco, Spain;País Vasco
1273;2020-04-26;9602,0;País Vasco, Spain;País Vasco
1274;2020-04-27;9840,0;País Vasco, Spain;País Vasco
1275;2020-04-28;9974,0;País Vasco, Spain;País Vasco
1276;2020-04-29;10474,0;País Vasco, Spain;País Vasco
1277;2020-04-30;10936,0;País Vasco, Spain;País Vasco
1278;2020-05-01;11380,0;País Vasco, Spain;País Vasco
1279;2020-05-02;11805,0;País Vasco, Spain;País Vasco
1280;2020-05-03;12024,0;País Vasco, Spain;País Vasco
1281;2020-05-04;12155,0;País Vasco, Spain;País Vasco
1282;2020-05-05;12251,0;País Vasco, Spain;País Vasco
1283;2020-05-06;12749,0;País Vasco, Spain;País Vasco
1284;2020-05-07;13070,0;País Vasco, Spain;País Vasco
1285;2020-05-08;13540,0;País Vasco, Spain;País Vasco
1286;2020-05-09;13985,0;País Vasco, Spain;País Vasco
1287;2020-05-10;14646,0;País Vasco, Spain;País Vasco
1288;2020-05-11;14718,0;País Vasco, Spain;País Vasco
1289;2020-05-12;14913,0;País Vasco, Spain;País Vasco
1290;2020-05-13;14986,0;País Vasco, Spain;País Vasco
1291;2020-05-14;15256,0;País Vasco, Spain;País Vasco
1292;2020-05-15;15256,0;País Vasco, Spain;País Vasco
1293;2020-05-16;15678,0;País Vasco, Spain;País Vasco
1294;2020-05-17;16028,0;País Vasco, Spain;País Vasco
1295;2020-05-18;16160,0;País Vasco, Spain;País Vasco
1296;2020-03-01;;La Rioja, Spain;La Rioja
1297;2020-03-09;0,0;La Rioja, Spain;La Rioja
1298;2020-03-10;0,0;La Rioja, Spain;La Rioja
1299;2020-03-11;1,0;La Rioja, Spain;La Rioja
1300;2020-03-12;1,0;La Rioja, Spain;La Rioja
1301;2020-03-13;1,0;La Rioja, Spain;La Rioja
1302;2020-03-14;1,0;La Rioja, Spain;La Rioja
1303;2020-03-15;1,0;La Rioja, Spain;La Rioja
1304;2020-03-16;2,0;La Rioja, Spain;La Rioja
1305;2020-03-17;2,0;La Rioja, Spain;La Rioja
1306;2020-03-18;2,0;La Rioja, Spain;La Rioja
1307;2020-03-19;2,0;La Rioja, Spain;La Rioja
1308;2020-03-20;13,0;La Rioja, Spain;La Rioja
1309;2020-03-21;18,0;La Rioja, Spain;La Rioja
1310;2020-03-22;18,0;La Rioja, Spain;La Rioja
1311;2020-03-23;18,0;La Rioja, Spain;La Rioja
1312;2020-03-24;24,0;La Rioja, Spain;La Rioja
1313;2020-03-25;43,0;La Rioja, Spain;La Rioja
1314;2020-03-26;48,0;La Rioja, Spain;La Rioja
1315;2020-03-27;62,0;La Rioja, Spain;La Rioja
1316;2020-03-28;364,0;La Rioja, Spain;La Rioja
1317;2020-03-29;397,0;La Rioja, Spain;La Rioja
1318;2020-03-30;431,0;La Rioja, Spain;La Rioja
1319;2020-03-31;496,0;La Rioja, Spain;La Rioja
1320;2020-04-01;569,0;La Rioja, Spain;La Rioja
1321;2020-04-02;641,0;La Rioja, Spain;La Rioja
1322;2020-04-03;745,0;La Rioja, Spain;La Rioja
1323;2020-04-04;843,0;La Rioja, Spain;La Rioja
1324;2020-04-05;904,0;La Rioja, Spain;La Rioja
1325;2020-04-06;964,0;La Rioja, Spain;La Rioja
1326;2020-04-07;994,0;La Rioja, Spain;La Rioja
1327;2020-04-08;1061,0;La Rioja, Spain;La Rioja
1328;2020-04-09;1172,0;La Rioja, Spain;La Rioja
1329;2020-04-10;1256,0;La Rioja, Spain;La Rioja
1330;2020-04-11;1337,0;La Rioja, Spain;La Rioja
1331;2020-04-12;1420,0;La Rioja, Spain;La Rioja
1332;2020-04-13;1458,0;La Rioja, Spain;La Rioja
1333;2020-04-14;1519,0;La Rioja, Spain;La Rioja
1334;2020-04-15;1582,0;La Rioja, Spain;La Rioja
1335;2020-04-16;1654,0;La Rioja, Spain;La Rioja
1336;2020-04-17;1729,0;La Rioja, Spain;La Rioja
1337;2020-04-18;1777,0;La Rioja, Spain;La Rioja
1338;2020-04-19;1816,0;La Rioja, Spain;La Rioja
1339;2020-04-20;1833,0;La Rioja, Spain;La Rioja
1340;2020-04-21;1866,0;La Rioja, Spain;La Rioja
1341;2020-04-22;1899,0;La Rioja, Spain;La Rioja
1342;2020-04-23;1937,0;La Rioja, Spain;La Rioja
1343;2020-04-24;1964,0;La Rioja, Spain;La Rioja
1344;2020-04-25;1999,0;La Rioja, Spain;La Rioja
1345;2020-04-26;2037,0;La Rioja, Spain;La Rioja
1346;2020-04-27;2049,0;La Rioja, Spain;La Rioja
1347;2020-04-28;2064,0;La Rioja, Spain;La Rioja
1348;2020-04-29;2091,0;La Rioja, Spain;La Rioja
1349;2020-04-30;2159,0;La Rioja, Spain;La Rioja
1350;2020-05-01;2220,0;La Rioja, Spain;La Rioja
1351;2020-05-02;2279,0;La Rioja, Spain;La Rioja
1352;2020-05-03;2297,0;La Rioja, Spain;La Rioja
1353;2020-05-04;2312,0;La Rioja, Spain;La Rioja
1354;2020-05-05;2345,0;La Rioja, Spain;La Rioja
1355;2020-05-06;2396,0;La Rioja, Spain;La Rioja
1356;2020-05-07;2457,0;La Rioja, Spain;La Rioja
1357;2020-05-08;2526,0;La Rioja, Spain;La Rioja
1358;2020-05-09;2581,0;La Rioja, Spain;La Rioja
1359;2020-05-10;2648,0;La Rioja, Spain;La Rioja
1360;2020-05-11;2700,0;La Rioja, Spain;La Rioja
1361;2020-05-12;2749,0;La Rioja, Spain;La Rioja
1362;2020-05-13;2804,0;La Rioja, Spain;La Rioja
1363;2020-05-14;2867,0;La Rioja, Spain;La Rioja
1364;2020-05-15;2927,0;La Rioja, Spain;La Rioja
1365;2020-05-16;2990,0;La Rioja, Spain;La Rioja
1366;2020-05-17;3048,0;La Rioja, Spain;La Rioja
1367;2020-05-18;3107,0;La Rioja, Spain;La Rioja
