,fecha,total_uci,Full Location
0,2020-02-21,,"Andalucia, Spain"
1,2020-02-22,,"Andalucia, Spain"
2,2020-02-23,,"Andalucia, Spain"
3,2020-02-24,,"Andalucia, Spain"
4,2020-02-25,,"Andalucia, Spain"
5,2020-02-26,,"Andalucia, Spain"
6,2020-02-27,,"Andalucia, Spain"
7,2020-02-28,,"Andalucia, Spain"
8,2020-02-29,,"Andalucia, Spain"
9,2020-03-01,,"Andalucia, Spain"
10,2020-03-02,,"Andalucia, Spain"
11,2020-03-03,,"Andalucia, Spain"
12,2020-03-04,,"Andalucia, Spain"
13,2020-03-05,,"Andalucia, Spain"
14,2020-03-06,,"Andalucia, Spain"
15,2020-03-07,,"Andalucia, Spain"
16,2020-03-08,,"Andalucia, Spain"
17,2020-03-09,1.0,"Andalucia, Spain"
18,2020-03-10,1.0,"Andalucia, Spain"
19,2020-03-11,3.0,"Andalucia, Spain"
20,2020-03-12,4.0,"Andalucia, Spain"
21,2020-03-13,8.0,"Andalucia, Spain"
22,2020-03-14,8.0,"Andalucia, Spain"
23,2020-03-15,8.0,"Andalucia, Spain"
24,2020-03-16,11.0,"Andalucia, Spain"
25,2020-03-17,13.0,"Andalucia, Spain"
26,2020-03-18,21.0,"Andalucia, Spain"
27,2020-03-19,25.0,"Andalucia, Spain"
28,2020-03-20,38.0,"Andalucia, Spain"
29,2020-03-21,53.0,"Andalucia, Spain"
30,2020-03-22,55.0,"Andalucia, Spain"
31,2020-03-23,77.0,"Andalucia, Spain"
32,2020-03-24,102.0,"Andalucia, Spain"
33,2020-03-25,116.0,"Andalucia, Spain"
34,2020-03-26,134.0,"Andalucia, Spain"
35,2020-03-27,148.0,"Andalucia, Spain"
36,2020-03-28,172.0,"Andalucia, Spain"
37,2020-03-29,201.0,"Andalucia, Spain"
38,2020-03-30,216.0,"Andalucia, Spain"
39,2020-03-31,235.0,"Andalucia, Spain"
40,2020-04-01,260.0,"Andalucia, Spain"
41,2020-04-02,280.0,"Andalucia, Spain"
42,2020-04-03,338.0,"Andalucia, Spain"
43,2020-04-04,364.0,"Andalucia, Spain"
44,2020-04-05,474.0,"Andalucia, Spain"
45,2020-04-06,489.0,"Andalucia, Spain"
46,2020-04-07,499.0,"Andalucia, Spain"
47,2020-04-08,520.0,"Andalucia, Spain"
48,2020-04-09,538.0,"Andalucia, Spain"
49,2020-04-10,582.0,"Andalucia, Spain"
50,2020-04-11,602.0,"Andalucia, Spain"
51,2020-04-12,619.0,"Andalucia, Spain"
52,2020-04-13,621.0,"Andalucia, Spain"
53,2020-04-14,631.0,"Andalucia, Spain"
54,2020-04-15,665.0,"Andalucia, Spain"
55,2020-04-16,671.0,"Andalucia, Spain"
56,2020-04-17,675.0,"Andalucia, Spain"
57,2020-04-18,677.0,"Andalucia, Spain"
58,2020-04-19,687.0,"Andalucia, Spain"
59,2020-04-20,690.0,"Andalucia, Spain"
60,2020-04-21,692.0,"Andalucia, Spain"
61,2020-04-22,696.0,"Andalucia, Spain"
62,2020-04-23,702.0,"Andalucia, Spain"
63,2020-04-24,714.0,"Andalucia, Spain"
64,2020-04-25,716.0,"Andalucia, Spain"
65,2020-04-26,716.0,"Andalucia, Spain"
66,2020-04-27,720.0,"Andalucia, Spain"
67,2020-04-28,721.0,"Andalucia, Spain"
68,2020-04-29,721.0,"Andalucia, Spain"
69,2020-04-30,721.0,"Andalucia, Spain"
70,2020-05-01,729.0,"Andalucia, Spain"
71,2020-05-02,735.0,"Andalucia, Spain"
72,2020-05-03,736.0,"Andalucia, Spain"
73,2020-05-04,738.0,"Andalucia, Spain"
74,2020-05-05,738.0,"Andalucia, Spain"
75,2020-05-06,740.0,"Andalucia, Spain"
76,2020-05-07,742.0,"Andalucia, Spain"
77,2020-05-08,742.0,"Andalucia, Spain"
78,2020-05-09,745.0,"Andalucia, Spain"
79,2020-05-10,745.0,"Andalucia, Spain"
80,2020-05-11,745.0,"Andalucia, Spain"
81,2020-05-12,745.0,"Andalucia, Spain"
82,2020-05-13,750.0,"Andalucia, Spain"
83,2020-05-14,751.0,"Andalucia, Spain"
84,2020-05-15,754.0,"Andalucia, Spain"
85,2020-05-16,758.0,"Andalucia, Spain"
86,2020-05-17,760.0,"Andalucia, Spain"
87,2020-05-18,760.0,"Andalucia, Spain"
88,2020-05-19,760.0,"Andalucia, Spain"
89,2020-05-20,764.0,"Andalucia, Spain"
90,2020-05-21,766.0,"Andalucia, Spain"
91,2020-05-22,767.0,"Andalucia, Spain"
92,2020-05-23,766.0,"Andalucia, Spain"
93,2020-05-24,766.0,"Andalucia, Spain"
94,2020-02-21,,"Aragon, Spain"
95,2020-02-22,,"Aragon, Spain"
96,2020-02-23,,"Aragon, Spain"
97,2020-02-24,,"Aragon, Spain"
98,2020-02-25,,"Aragon, Spain"
99,2020-02-26,,"Aragon, Spain"
100,2020-02-27,,"Aragon, Spain"
101,2020-02-28,,"Aragon, Spain"
102,2020-02-29,,"Aragon, Spain"
103,2020-03-01,,"Aragon, Spain"
104,2020-03-02,,"Aragon, Spain"
105,2020-03-03,,"Aragon, Spain"
106,2020-03-04,,"Aragon, Spain"
107,2020-03-05,,"Aragon, Spain"
108,2020-03-06,,"Aragon, Spain"
109,2020-03-07,,"Aragon, Spain"
110,2020-03-08,,"Aragon, Spain"
111,2020-03-09,3.0,"Aragon, Spain"
112,2020-03-10,3.0,"Aragon, Spain"
113,2020-03-11,3.0,"Aragon, Spain"
114,2020-03-12,3.0,"Aragon, Spain"
115,2020-03-13,3.0,"Aragon, Spain"
116,2020-03-14,5.0,"Aragon, Spain"
117,2020-03-15,5.0,"Aragon, Spain"
118,2020-03-16,7.0,"Aragon, Spain"
119,2020-03-17,9.0,"Aragon, Spain"
120,2020-03-18,9.0,"Aragon, Spain"
121,2020-03-19,14.0,"Aragon, Spain"
122,2020-03-20,28.0,"Aragon, Spain"
123,2020-03-21,33.0,"Aragon, Spain"
124,2020-03-22,45.0,"Aragon, Spain"
125,2020-03-23,52.0,"Aragon, Spain"
126,2020-03-24,66.0,"Aragon, Spain"
127,2020-03-25,75.0,"Aragon, Spain"
128,2020-03-26,93.0,"Aragon, Spain"
129,2020-03-27,114.0,"Aragon, Spain"
130,2020-03-28,124.0,"Aragon, Spain"
131,2020-03-29,145.0,"Aragon, Spain"
132,2020-03-30,148.0,"Aragon, Spain"
133,2020-03-31,157.0,"Aragon, Spain"
134,2020-04-01,160.0,"Aragon, Spain"
135,2020-04-02,170.0,"Aragon, Spain"
136,2020-04-03,172.0,"Aragon, Spain"
137,2020-04-04,182.0,"Aragon, Spain"
138,2020-04-05,182.0,"Aragon, Spain"
139,2020-04-06,186.0,"Aragon, Spain"
140,2020-04-07,196.0,"Aragon, Spain"
141,2020-04-08,204.0,"Aragon, Spain"
142,2020-04-09,210.0,"Aragon, Spain"
143,2020-04-10,212.0,"Aragon, Spain"
144,2020-04-11,215.0,"Aragon, Spain"
145,2020-04-12,221.0,"Aragon, Spain"
146,2020-04-13,223.0,"Aragon, Spain"
147,2020-04-14,229.0,"Aragon, Spain"
148,2020-04-15,231.0,"Aragon, Spain"
149,2020-04-16,235.0,"Aragon, Spain"
150,2020-04-17,235.0,"Aragon, Spain"
151,2020-04-18,237.0,"Aragon, Spain"
152,2020-04-19,240.0,"Aragon, Spain"
153,2020-04-20,242.0,"Aragon, Spain"
154,2020-04-21,244.0,"Aragon, Spain"
155,2020-04-22,246.0,"Aragon, Spain"
156,2020-04-23,247.0,"Aragon, Spain"
157,2020-04-24,248.0,"Aragon, Spain"
158,2020-04-25,249.0,"Aragon, Spain"
159,2020-04-26,251.0,"Aragon, Spain"
160,2020-04-27,251.0,"Aragon, Spain"
161,2020-04-28,252.0,"Aragon, Spain"
162,2020-04-29,252.0,"Aragon, Spain"
163,2020-04-30,252.0,"Aragon, Spain"
164,2020-05-01,253.0,"Aragon, Spain"
165,2020-05-02,253.0,"Aragon, Spain"
166,2020-05-03,253.0,"Aragon, Spain"
167,2020-05-04,253.0,"Aragon, Spain"
168,2020-05-05,253.0,"Aragon, Spain"
169,2020-05-06,253.0,"Aragon, Spain"
170,2020-05-07,255.0,"Aragon, Spain"
171,2020-05-08,255.0,"Aragon, Spain"
172,2020-05-09,255.0,"Aragon, Spain"
173,2020-05-10,255.0,"Aragon, Spain"
174,2020-05-11,255.0,"Aragon, Spain"
175,2020-05-12,255.0,"Aragon, Spain"
176,2020-05-13,255.0,"Aragon, Spain"
177,2020-05-14,255.0,"Aragon, Spain"
178,2020-05-15,255.0,"Aragon, Spain"
179,2020-05-16,255.0,"Aragon, Spain"
180,2020-05-17,255.0,"Aragon, Spain"
181,2020-05-18,255.0,"Aragon, Spain"
182,2020-05-19,255.0,"Aragon, Spain"
183,2020-05-20,255.0,"Aragon, Spain"
184,2020-05-21,256.0,"Aragon, Spain"
185,2020-05-22,256.0,"Aragon, Spain"
186,2020-05-23,257.0,"Aragon, Spain"
187,2020-05-24,257.0,"Aragon, Spain"
188,2020-02-21,,"Asturias, Spain"
189,2020-02-22,,"Asturias, Spain"
190,2020-02-23,,"Asturias, Spain"
191,2020-02-24,,"Asturias, Spain"
192,2020-02-25,,"Asturias, Spain"
193,2020-02-26,,"Asturias, Spain"
194,2020-02-27,,"Asturias, Spain"
195,2020-02-28,,"Asturias, Spain"
196,2020-02-29,,"Asturias, Spain"
197,2020-03-01,1.0,"Asturias, Spain"
198,2020-03-02,1.0,"Asturias, Spain"
199,2020-03-03,1.0,"Asturias, Spain"
200,2020-03-04,1.0,"Asturias, Spain"
201,2020-03-05,1.0,"Asturias, Spain"
202,2020-03-06,1.0,"Asturias, Spain"
203,2020-03-07,1.0,"Asturias, Spain"
204,2020-03-08,1.0,"Asturias, Spain"
205,2020-03-09,1.0,"Asturias, Spain"
206,2020-03-10,1.0,"Asturias, Spain"
207,2020-03-11,2.0,"Asturias, Spain"
208,2020-03-12,2.0,"Asturias, Spain"
209,2020-03-13,2.0,"Asturias, Spain"
210,2020-03-14,2.0,"Asturias, Spain"
211,2020-03-15,3.0,"Asturias, Spain"
212,2020-03-16,3.0,"Asturias, Spain"
213,2020-03-17,6.0,"Asturias, Spain"
214,2020-03-18,9.0,"Asturias, Spain"
215,2020-03-19,11.0,"Asturias, Spain"
216,2020-03-20,13.0,"Asturias, Spain"
217,2020-03-21,18.0,"Asturias, Spain"
218,2020-03-22,22.0,"Asturias, Spain"
219,2020-03-23,25.0,"Asturias, Spain"
220,2020-03-24,29.0,"Asturias, Spain"
221,2020-03-25,39.0,"Asturias, Spain"
222,2020-03-26,48.0,"Asturias, Spain"
223,2020-03-27,56.0,"Asturias, Spain"
224,2020-03-28,59.0,"Asturias, Spain"
225,2020-03-29,63.0,"Asturias, Spain"
226,2020-03-30,67.0,"Asturias, Spain"
227,2020-03-31,71.0,"Asturias, Spain"
228,2020-04-01,79.0,"Asturias, Spain"
229,2020-04-02,84.0,"Asturias, Spain"
230,2020-04-03,88.0,"Asturias, Spain"
231,2020-04-04,91.0,"Asturias, Spain"
232,2020-04-05,93.0,"Asturias, Spain"
233,2020-04-06,94.0,"Asturias, Spain"
234,2020-04-07,96.0,"Asturias, Spain"
235,2020-04-08,97.0,"Asturias, Spain"
236,2020-04-09,100.0,"Asturias, Spain"
237,2020-04-10,100.0,"Asturias, Spain"
238,2020-04-11,101.0,"Asturias, Spain"
239,2020-04-12,102.0,"Asturias, Spain"
240,2020-04-13,105.0,"Asturias, Spain"
241,2020-04-14,109.0,"Asturias, Spain"
242,2020-04-15,111.0,"Asturias, Spain"
243,2020-04-16,112.0,"Asturias, Spain"
244,2020-04-17,113.0,"Asturias, Spain"
245,2020-04-18,113.0,"Asturias, Spain"
246,2020-04-19,114.0,"Asturias, Spain"
247,2020-04-20,115.0,"Asturias, Spain"
248,2020-04-21,116.0,"Asturias, Spain"
249,2020-04-22,116.0,"Asturias, Spain"
250,2020-04-23,116.0,"Asturias, Spain"
251,2020-04-24,117.0,"Asturias, Spain"
252,2020-04-25,117.0,"Asturias, Spain"
253,2020-04-26,117.0,"Asturias, Spain"
254,2020-04-27,117.0,"Asturias, Spain"
255,2020-04-28,117.0,"Asturias, Spain"
256,2020-04-29,117.0,"Asturias, Spain"
257,2020-04-30,117.0,"Asturias, Spain"
258,2020-05-01,118.0,"Asturias, Spain"
259,2020-05-02,120.0,"Asturias, Spain"
260,2020-05-03,120.0,"Asturias, Spain"
261,2020-05-04,120.0,"Asturias, Spain"
262,2020-05-05,120.0,"Asturias, Spain"
263,2020-05-06,120.0,"Asturias, Spain"
264,2020-05-07,121.0,"Asturias, Spain"
265,2020-05-08,121.0,"Asturias, Spain"
266,2020-05-09,121.0,"Asturias, Spain"
267,2020-05-10,121.0,"Asturias, Spain"
268,2020-05-11,121.0,"Asturias, Spain"
269,2020-05-12,121.0,"Asturias, Spain"
270,2020-05-13,121.0,"Asturias, Spain"
271,2020-05-14,121.0,"Asturias, Spain"
272,2020-05-15,121.0,"Asturias, Spain"
273,2020-05-16,121.0,"Asturias, Spain"
274,2020-05-17,121.0,"Asturias, Spain"
275,2020-05-18,121.0,"Asturias, Spain"
276,2020-05-19,121.0,"Asturias, Spain"
277,2020-05-20,121.0,"Asturias, Spain"
278,2020-05-21,121.0,"Asturias, Spain"
279,2020-05-22,121.0,"Asturias, Spain"
280,2020-05-23,121.0,"Asturias, Spain"
281,2020-05-24,121.0,"Asturias, Spain"
282,2020-02-21,,"Baleares, Spain"
283,2020-02-22,,"Baleares, Spain"
284,2020-02-23,,"Baleares, Spain"
285,2020-02-24,,"Baleares, Spain"
286,2020-02-25,,"Baleares, Spain"
287,2020-02-26,,"Baleares, Spain"
288,2020-02-27,,"Baleares, Spain"
289,2020-02-28,,"Baleares, Spain"
290,2020-02-29,,"Baleares, Spain"
291,2020-03-01,,"Baleares, Spain"
292,2020-03-02,,"Baleares, Spain"
293,2020-03-03,,"Baleares, Spain"
294,2020-03-04,,"Baleares, Spain"
295,2020-03-05,,"Baleares, Spain"
296,2020-03-06,,"Baleares, Spain"
297,2020-03-07,,"Baleares, Spain"
298,2020-03-08,,"Baleares, Spain"
299,2020-03-09,1.0,"Baleares, Spain"
300,2020-03-10,1.0,"Baleares, Spain"
301,2020-03-11,1.0,"Baleares, Spain"
302,2020-03-12,2.0,"Baleares, Spain"
303,2020-03-13,2.0,"Baleares, Spain"
304,2020-03-14,2.0,"Baleares, Spain"
305,2020-03-15,2.0,"Baleares, Spain"
306,2020-03-16,4.0,"Baleares, Spain"
307,2020-03-17,4.0,"Baleares, Spain"
308,2020-03-18,4.0,"Baleares, Spain"
309,2020-03-19,7.0,"Baleares, Spain"
310,2020-03-20,10.0,"Baleares, Spain"
311,2020-03-21,14.0,"Baleares, Spain"
312,2020-03-22,14.0,"Baleares, Spain"
313,2020-03-23,27.0,"Baleares, Spain"
314,2020-03-24,35.0,"Baleares, Spain"
315,2020-03-25,40.0,"Baleares, Spain"
316,2020-03-26,43.0,"Baleares, Spain"
317,2020-03-27,46.0,"Baleares, Spain"
318,2020-03-28,59.0,"Baleares, Spain"
319,2020-03-29,71.0,"Baleares, Spain"
320,2020-03-30,80.0,"Baleares, Spain"
321,2020-03-31,85.0,"Baleares, Spain"
322,2020-04-01,94.0,"Baleares, Spain"
323,2020-04-02,104.0,"Baleares, Spain"
324,2020-04-03,111.0,"Baleares, Spain"
325,2020-04-04,113.0,"Baleares, Spain"
326,2020-04-05,119.0,"Baleares, Spain"
327,2020-04-06,120.0,"Baleares, Spain"
328,2020-04-07,123.0,"Baleares, Spain"
329,2020-04-08,128.0,"Baleares, Spain"
330,2020-04-09,131.0,"Baleares, Spain"
331,2020-04-10,135.0,"Baleares, Spain"
332,2020-04-11,136.0,"Baleares, Spain"
333,2020-04-12,141.0,"Baleares, Spain"
334,2020-04-13,142.0,"Baleares, Spain"
335,2020-04-14,144.0,"Baleares, Spain"
336,2020-04-15,147.0,"Baleares, Spain"
337,2020-04-16,150.0,"Baleares, Spain"
338,2020-04-17,150.0,"Baleares, Spain"
339,2020-04-18,155.0,"Baleares, Spain"
340,2020-04-19,158.0,"Baleares, Spain"
341,2020-04-20,159.0,"Baleares, Spain"
342,2020-04-21,159.0,"Baleares, Spain"
343,2020-04-22,163.0,"Baleares, Spain"
344,2020-04-23,162.0,"Baleares, Spain"
345,2020-04-24,162.0,"Baleares, Spain"
346,2020-04-25,162.0,"Baleares, Spain"
347,2020-04-26,162.0,"Baleares, Spain"
348,2020-04-27,162.0,"Baleares, Spain"
349,2020-04-28,162.0,"Baleares, Spain"
350,2020-04-29,162.0,"Baleares, Spain"
351,2020-04-30,163.0,"Baleares, Spain"
352,2020-05-01,163.0,"Baleares, Spain"
353,2020-05-02,163.0,"Baleares, Spain"
354,2020-05-03,163.0,"Baleares, Spain"
355,2020-05-04,163.0,"Baleares, Spain"
356,2020-05-05,164.0,"Baleares, Spain"
357,2020-05-06,164.0,"Baleares, Spain"
358,2020-05-07,164.0,"Baleares, Spain"
359,2020-05-08,164.0,"Baleares, Spain"
360,2020-05-09,165.0,"Baleares, Spain"
361,2020-05-10,165.0,"Baleares, Spain"
362,2020-05-11,165.0,"Baleares, Spain"
363,2020-05-12,166.0,"Baleares, Spain"
364,2020-05-13,168.0,"Baleares, Spain"
365,2020-05-14,168.0,"Baleares, Spain"
366,2020-05-15,168.0,"Baleares, Spain"
367,2020-05-16,168.0,"Baleares, Spain"
368,2020-05-17,168.0,"Baleares, Spain"
369,2020-05-18,168.0,"Baleares, Spain"
370,2020-05-19,168.0,"Baleares, Spain"
371,2020-05-20,168.0,"Baleares, Spain"
372,2020-05-21,169.0,"Baleares, Spain"
373,2020-05-22,168.0,"Baleares, Spain"
374,2020-05-23,168.0,"Baleares, Spain"
375,2020-05-24,168.0,"Baleares, Spain"
376,2020-02-21,,"Canarias, Spain"
377,2020-02-22,,"Canarias, Spain"
378,2020-02-23,,"Canarias, Spain"
379,2020-02-24,,"Canarias, Spain"
380,2020-02-25,,"Canarias, Spain"
381,2020-02-26,,"Canarias, Spain"
382,2020-02-27,,"Canarias, Spain"
383,2020-02-28,,"Canarias, Spain"
384,2020-02-29,,"Canarias, Spain"
385,2020-03-01,,"Canarias, Spain"
386,2020-03-02,,"Canarias, Spain"
387,2020-03-03,,"Canarias, Spain"
388,2020-03-04,,"Canarias, Spain"
389,2020-03-05,,"Canarias, Spain"
390,2020-03-06,,"Canarias, Spain"
391,2020-03-07,,"Canarias, Spain"
392,2020-03-08,,"Canarias, Spain"
393,2020-03-09,0.0,"Canarias, Spain"
394,2020-03-10,1.0,"Canarias, Spain"
395,2020-03-11,1.0,"Canarias, Spain"
396,2020-03-12,3.0,"Canarias, Spain"
397,2020-03-13,3.0,"Canarias, Spain"
398,2020-03-14,6.0,"Canarias, Spain"
399,2020-03-15,6.0,"Canarias, Spain"
400,2020-03-16,9.0,"Canarias, Spain"
401,2020-03-17,13.0,"Canarias, Spain"
402,2020-03-18,17.0,"Canarias, Spain"
403,2020-03-19,23.0,"Canarias, Spain"
404,2020-03-20,25.0,"Canarias, Spain"
405,2020-03-21,29.0,"Canarias, Spain"
406,2020-03-22,32.0,"Canarias, Spain"
407,2020-03-23,32.0,"Canarias, Spain"
408,2020-03-24,36.0,"Canarias, Spain"
409,2020-03-25,43.0,"Canarias, Spain"
410,2020-03-26,45.0,"Canarias, Spain"
411,2020-03-27,61.0,"Canarias, Spain"
412,2020-03-28,68.0,"Canarias, Spain"
413,2020-03-29,78.0,"Canarias, Spain"
414,2020-03-30,84.0,"Canarias, Spain"
415,2020-03-31,94.0,"Canarias, Spain"
416,2020-04-01,110.0,"Canarias, Spain"
417,2020-04-02,113.0,"Canarias, Spain"
418,2020-04-03,120.0,"Canarias, Spain"
419,2020-04-04,128.0,"Canarias, Spain"
420,2020-04-05,129.0,"Canarias, Spain"
421,2020-04-06,133.0,"Canarias, Spain"
422,2020-04-07,137.0,"Canarias, Spain"
423,2020-04-08,138.0,"Canarias, Spain"
424,2020-04-09,140.0,"Canarias, Spain"
425,2020-04-10,141.0,"Canarias, Spain"
426,2020-04-11,144.0,"Canarias, Spain"
427,2020-04-12,144.0,"Canarias, Spain"
428,2020-04-13,145.0,"Canarias, Spain"
429,2020-04-14,147.0,"Canarias, Spain"
430,2020-04-15,152.0,"Canarias, Spain"
431,2020-04-16,156.0,"Canarias, Spain"
432,2020-04-17,159.0,"Canarias, Spain"
433,2020-04-18,160.0,"Canarias, Spain"
434,2020-04-19,162.0,"Canarias, Spain"
435,2020-04-20,163.0,"Canarias, Spain"
436,2020-04-21,164.0,"Canarias, Spain"
437,2020-04-22,164.0,"Canarias, Spain"
438,2020-04-23,169.0,"Canarias, Spain"
439,2020-04-24,169.0,"Canarias, Spain"
440,2020-04-25,171.0,"Canarias, Spain"
441,2020-04-26,171.0,"Canarias, Spain"
442,2020-04-27,171.0,"Canarias, Spain"
443,2020-04-28,174.0,"Canarias, Spain"
444,2020-04-29,175.0,"Canarias, Spain"
445,2020-04-30,175.0,"Canarias, Spain"
446,2020-05-01,175.0,"Canarias, Spain"
447,2020-05-02,175.0,"Canarias, Spain"
448,2020-05-03,175.0,"Canarias, Spain"
449,2020-05-04,175.0,"Canarias, Spain"
450,2020-05-05,176.0,"Canarias, Spain"
451,2020-05-06,176.0,"Canarias, Spain"
452,2020-05-07,176.0,"Canarias, Spain"
453,2020-05-08,176.0,"Canarias, Spain"
454,2020-05-09,178.0,"Canarias, Spain"
455,2020-05-10,178.0,"Canarias, Spain"
456,2020-05-11,178.0,"Canarias, Spain"
457,2020-05-12,178.0,"Canarias, Spain"
458,2020-05-13,178.0,"Canarias, Spain"
459,2020-05-14,178.0,"Canarias, Spain"
460,2020-05-15,178.0,"Canarias, Spain"
461,2020-05-16,178.0,"Canarias, Spain"
462,2020-05-17,178.0,"Canarias, Spain"
463,2020-05-18,178.0,"Canarias, Spain"
464,2020-05-19,178.0,"Canarias, Spain"
465,2020-05-20,179.0,"Canarias, Spain"
466,2020-05-21,179.0,"Canarias, Spain"
467,2020-05-22,179.0,"Canarias, Spain"
468,2020-05-23,179.0,"Canarias, Spain"
469,2020-05-24,179.0,"Canarias, Spain"
470,2020-02-21,,"Cantabria, Spain"
471,2020-02-22,,"Cantabria, Spain"
472,2020-02-23,,"Cantabria, Spain"
473,2020-02-24,,"Cantabria, Spain"
474,2020-02-25,,"Cantabria, Spain"
475,2020-02-26,,"Cantabria, Spain"
476,2020-02-27,,"Cantabria, Spain"
477,2020-02-28,,"Cantabria, Spain"
478,2020-02-29,,"Cantabria, Spain"
479,2020-03-01,,"Cantabria, Spain"
480,2020-03-02,,"Cantabria, Spain"
481,2020-03-03,,"Cantabria, Spain"
482,2020-03-04,,"Cantabria, Spain"
483,2020-03-05,,"Cantabria, Spain"
484,2020-03-06,,"Cantabria, Spain"
485,2020-03-07,,"Cantabria, Spain"
486,2020-03-08,,"Cantabria, Spain"
487,2020-03-09,0.0,"Cantabria, Spain"
488,2020-03-10,0.0,"Cantabria, Spain"
489,2020-03-11,0.0,"Cantabria, Spain"
490,2020-03-12,0.0,"Cantabria, Spain"
491,2020-03-13,0.0,"Cantabria, Spain"
492,2020-03-14,0.0,"Cantabria, Spain"
493,2020-03-15,0.0,"Cantabria, Spain"
494,2020-03-16,2.0,"Cantabria, Spain"
495,2020-03-17,2.0,"Cantabria, Spain"
496,2020-03-18,3.0,"Cantabria, Spain"
497,2020-03-19,4.0,"Cantabria, Spain"
498,2020-03-20,7.0,"Cantabria, Spain"
499,2020-03-21,9.0,"Cantabria, Spain"
500,2020-03-22,9.0,"Cantabria, Spain"
501,2020-03-23,14.0,"Cantabria, Spain"
502,2020-03-24,16.0,"Cantabria, Spain"
503,2020-03-25,18.0,"Cantabria, Spain"
504,2020-03-26,26.0,"Cantabria, Spain"
505,2020-03-27,29.0,"Cantabria, Spain"
506,2020-03-28,37.0,"Cantabria, Spain"
507,2020-03-29,40.0,"Cantabria, Spain"
508,2020-03-30,46.0,"Cantabria, Spain"
509,2020-03-31,50.0,"Cantabria, Spain"
510,2020-04-01,54.0,"Cantabria, Spain"
511,2020-04-02,57.0,"Cantabria, Spain"
512,2020-04-03,59.0,"Cantabria, Spain"
513,2020-04-04,60.0,"Cantabria, Spain"
514,2020-04-05,62.0,"Cantabria, Spain"
515,2020-04-06,65.0,"Cantabria, Spain"
516,2020-04-07,66.0,"Cantabria, Spain"
517,2020-04-08,69.0,"Cantabria, Spain"
518,2020-04-09,71.0,"Cantabria, Spain"
519,2020-04-10,73.0,"Cantabria, Spain"
520,2020-04-11,75.0,"Cantabria, Spain"
521,2020-04-12,75.0,"Cantabria, Spain"
522,2020-04-13,75.0,"Cantabria, Spain"
523,2020-04-14,76.0,"Cantabria, Spain"
524,2020-04-15,76.0,"Cantabria, Spain"
525,2020-04-16,77.0,"Cantabria, Spain"
526,2020-04-17,78.0,"Cantabria, Spain"
527,2020-04-18,78.0,"Cantabria, Spain"
528,2020-04-19,78.0,"Cantabria, Spain"
529,2020-04-20,78.0,"Cantabria, Spain"
530,2020-04-21,78.0,"Cantabria, Spain"
531,2020-04-22,78.0,"Cantabria, Spain"
532,2020-04-23,78.0,"Cantabria, Spain"
533,2020-04-24,78.0,"Cantabria, Spain"
534,2020-04-25,78.0,"Cantabria, Spain"
535,2020-04-26,78.0,"Cantabria, Spain"
536,2020-04-27,78.0,"Cantabria, Spain"
537,2020-04-28,78.0,"Cantabria, Spain"
538,2020-04-29,79.0,"Cantabria, Spain"
539,2020-04-30,79.0,"Cantabria, Spain"
540,2020-05-01,79.0,"Cantabria, Spain"
541,2020-05-02,79.0,"Cantabria, Spain"
542,2020-05-03,79.0,"Cantabria, Spain"
543,2020-05-04,79.0,"Cantabria, Spain"
544,2020-05-05,79.0,"Cantabria, Spain"
545,2020-05-06,79.0,"Cantabria, Spain"
546,2020-05-07,79.0,"Cantabria, Spain"
547,2020-05-08,79.0,"Cantabria, Spain"
548,2020-05-09,79.0,"Cantabria, Spain"
549,2020-05-10,79.0,"Cantabria, Spain"
550,2020-05-11,79.0,"Cantabria, Spain"
551,2020-05-12,79.0,"Cantabria, Spain"
552,2020-05-13,79.0,"Cantabria, Spain"
553,2020-05-14,79.0,"Cantabria, Spain"
554,2020-05-15,79.0,"Cantabria, Spain"
555,2020-05-16,79.0,"Cantabria, Spain"
556,2020-05-17,79.0,"Cantabria, Spain"
557,2020-05-18,79.0,"Cantabria, Spain"
558,2020-05-19,79.0,"Cantabria, Spain"
559,2020-05-20,79.0,"Cantabria, Spain"
560,2020-05-21,79.0,"Cantabria, Spain"
561,2020-05-22,79.0,"Cantabria, Spain"
562,2020-05-23,79.0,"Cantabria, Spain"
563,2020-05-24,79.0,"Cantabria, Spain"
564,2020-02-21,,"Castilla La Mancha, Spain"
565,2020-02-22,,"Castilla La Mancha, Spain"
566,2020-02-23,,"Castilla La Mancha, Spain"
567,2020-02-24,,"Castilla La Mancha, Spain"
568,2020-02-25,,"Castilla La Mancha, Spain"
569,2020-02-26,,"Castilla La Mancha, Spain"
570,2020-02-27,,"Castilla La Mancha, Spain"
571,2020-02-28,,"Castilla La Mancha, Spain"
572,2020-02-29,,"Castilla La Mancha, Spain"
573,2020-03-01,,"Castilla La Mancha, Spain"
574,2020-03-02,,"Castilla La Mancha, Spain"
575,2020-03-03,,"Castilla La Mancha, Spain"
576,2020-03-04,,"Castilla La Mancha, Spain"
577,2020-03-05,,"Castilla La Mancha, Spain"
578,2020-03-06,,"Castilla La Mancha, Spain"
579,2020-03-07,,"Castilla La Mancha, Spain"
580,2020-03-08,,"Castilla La Mancha, Spain"
581,2020-03-09,2.0,"Castilla La Mancha, Spain"
582,2020-03-10,3.0,"Castilla La Mancha, Spain"
583,2020-03-11,5.0,"Castilla La Mancha, Spain"
584,2020-03-12,9.0,"Castilla La Mancha, Spain"
585,2020-03-13,10.0,"Castilla La Mancha, Spain"
586,2020-03-14,22.0,"Castilla La Mancha, Spain"
587,2020-03-15,56.0,"Castilla La Mancha, Spain"
588,2020-03-16,78.0,"Castilla La Mancha, Spain"
589,2020-03-17,95.0,"Castilla La Mancha, Spain"
590,2020-03-18,123.0,"Castilla La Mancha, Spain"
591,2020-03-19,161.0,"Castilla La Mancha, Spain"
592,2020-03-20,180.0,"Castilla La Mancha, Spain"
593,2020-03-21,208.0,"Castilla La Mancha, Spain"
594,2020-03-22,249.0,"Castilla La Mancha, Spain"
595,2020-03-23,266.0,"Castilla La Mancha, Spain"
596,2020-03-24,306.0,"Castilla La Mancha, Spain"
597,2020-03-25,334.0,"Castilla La Mancha, Spain"
598,2020-03-26,351.0,"Castilla La Mancha, Spain"
599,2020-03-27,367.0,"Castilla La Mancha, Spain"
600,2020-03-28,383.0,"Castilla La Mancha, Spain"
601,2020-03-29,393.0,"Castilla La Mancha, Spain"
602,2020-03-30,403.0,"Castilla La Mancha, Spain"
603,2020-03-31,408.0,"Castilla La Mancha, Spain"
604,2020-04-01,417.0,"Castilla La Mancha, Spain"
605,2020-04-02,424.0,"Castilla La Mancha, Spain"
606,2020-04-03,431.0,"Castilla La Mancha, Spain"
607,2020-04-04,437.0,"Castilla La Mancha, Spain"
608,2020-04-05,441.0,"Castilla La Mancha, Spain"
609,2020-04-06,445.0,"Castilla La Mancha, Spain"
610,2020-04-07,451.0,"Castilla La Mancha, Spain"
611,2020-04-08,454.0,"Castilla La Mancha, Spain"
612,2020-04-09,460.0,"Castilla La Mancha, Spain"
613,2020-04-10,466.0,"Castilla La Mancha, Spain"
614,2020-04-11,470.0,"Castilla La Mancha, Spain"
615,2020-04-12,473.0,"Castilla La Mancha, Spain"
616,2020-04-13,475.0,"Castilla La Mancha, Spain"
617,2020-04-14,486.0,"Castilla La Mancha, Spain"
618,2020-04-15,495.0,"Castilla La Mancha, Spain"
619,2020-04-16,503.0,"Castilla La Mancha, Spain"
620,2020-04-17,511.0,"Castilla La Mancha, Spain"
621,2020-04-18,514.0,"Castilla La Mancha, Spain"
622,2020-04-19,518.0,"Castilla La Mancha, Spain"
623,2020-04-20,531.0,"Castilla La Mancha, Spain"
624,2020-04-21,534.0,"Castilla La Mancha, Spain"
625,2020-04-22,537.0,"Castilla La Mancha, Spain"
626,2020-04-23,546.0,"Castilla La Mancha, Spain"
627,2020-04-24,553.0,"Castilla La Mancha, Spain"
628,2020-04-25,559.0,"Castilla La Mancha, Spain"
629,2020-04-26,565.0,"Castilla La Mancha, Spain"
630,2020-04-27,579.0,"Castilla La Mancha, Spain"
631,2020-04-28,584.0,"Castilla La Mancha, Spain"
632,2020-04-29,588.0,"Castilla La Mancha, Spain"
633,2020-04-30,592.0,"Castilla La Mancha, Spain"
634,2020-05-01,596.0,"Castilla La Mancha, Spain"
635,2020-05-02,601.0,"Castilla La Mancha, Spain"
636,2020-05-03,604.0,"Castilla La Mancha, Spain"
637,2020-05-04,606.0,"Castilla La Mancha, Spain"
638,2020-05-05,609.0,"Castilla La Mancha, Spain"
639,2020-05-06,612.0,"Castilla La Mancha, Spain"
640,2020-05-07,613.0,"Castilla La Mancha, Spain"
641,2020-05-08,617.0,"Castilla La Mancha, Spain"
642,2020-05-09,621.0,"Castilla La Mancha, Spain"
643,2020-05-10,623.0,"Castilla La Mancha, Spain"
644,2020-05-11,624.0,"Castilla La Mancha, Spain"
645,2020-05-12,629.0,"Castilla La Mancha, Spain"
646,2020-05-13,632.0,"Castilla La Mancha, Spain"
647,2020-05-14,634.0,"Castilla La Mancha, Spain"
648,2020-05-15,635.0,"Castilla La Mancha, Spain"
649,2020-05-16,636.0,"Castilla La Mancha, Spain"
650,2020-05-17,637.0,"Castilla La Mancha, Spain"
651,2020-05-18,637.0,"Castilla La Mancha, Spain"
652,2020-05-19,638.0,"Castilla La Mancha, Spain"
653,2020-05-20,639.0,"Castilla La Mancha, Spain"
654,2020-05-21,639.0,"Castilla La Mancha, Spain"
655,2020-05-22,640.0,"Castilla La Mancha, Spain"
656,2020-05-23,641.0,"Castilla La Mancha, Spain"
657,2020-05-24,642.0,"Castilla La Mancha, Spain"
658,2020-02-21,,"Castilla y Leon, Spain"
659,2020-02-22,,"Castilla y Leon, Spain"
660,2020-02-23,,"Castilla y Leon, Spain"
661,2020-02-24,,"Castilla y Leon, Spain"
662,2020-02-25,,"Castilla y Leon, Spain"
663,2020-02-26,,"Castilla y Leon, Spain"
664,2020-02-27,,"Castilla y Leon, Spain"
665,2020-02-28,,"Castilla y Leon, Spain"
666,2020-02-29,,"Castilla y Leon, Spain"
667,2020-03-01,,"Castilla y Leon, Spain"
668,2020-03-02,,"Castilla y Leon, Spain"
669,2020-03-03,,"Castilla y Leon, Spain"
670,2020-03-04,,"Castilla y Leon, Spain"
671,2020-03-05,,"Castilla y Leon, Spain"
672,2020-03-06,,"Castilla y Leon, Spain"
673,2020-03-07,,"Castilla y Leon, Spain"
674,2020-03-08,,"Castilla y Leon, Spain"
675,2020-03-09,2.0,"Castilla y Leon, Spain"
676,2020-03-10,2.0,"Castilla y Leon, Spain"
677,2020-03-11,5.0,"Castilla y Leon, Spain"
678,2020-03-12,7.0,"Castilla y Leon, Spain"
679,2020-03-13,8.0,"Castilla y Leon, Spain"
680,2020-03-14,15.0,"Castilla y Leon, Spain"
681,2020-03-15,22.0,"Castilla y Leon, Spain"
682,2020-03-16,29.0,"Castilla y Leon, Spain"
683,2020-03-17,36.0,"Castilla y Leon, Spain"
684,2020-03-18,50.0,"Castilla y Leon, Spain"
685,2020-03-19,63.0,"Castilla y Leon, Spain"
686,2020-03-20,75.0,"Castilla y Leon, Spain"
687,2020-03-21,96.0,"Castilla y Leon, Spain"
688,2020-03-22,111.0,"Castilla y Leon, Spain"
689,2020-03-23,130.0,"Castilla y Leon, Spain"
690,2020-03-24,151.0,"Castilla y Leon, Spain"
691,2020-03-25,179.0,"Castilla y Leon, Spain"
692,2020-03-26,198.0,"Castilla y Leon, Spain"
693,2020-03-27,215.0,"Castilla y Leon, Spain"
694,2020-03-28,238.0,"Castilla y Leon, Spain"
695,2020-03-29,261.0,"Castilla y Leon, Spain"
696,2020-03-30,272.0,"Castilla y Leon, Spain"
697,2020-03-31,294.0,"Castilla y Leon, Spain"
698,2020-04-01,318.0,"Castilla y Leon, Spain"
699,2020-04-02,332.0,"Castilla y Leon, Spain"
700,2020-04-03,342.0,"Castilla y Leon, Spain"
701,2020-04-04,351.0,"Castilla y Leon, Spain"
702,2020-04-05,361.0,"Castilla y Leon, Spain"
703,2020-04-06,368.0,"Castilla y Leon, Spain"
704,2020-04-07,375.0,"Castilla y Leon, Spain"
705,2020-04-08,386.0,"Castilla y Leon, Spain"
706,2020-04-09,399.0,"Castilla y Leon, Spain"
707,2020-04-10,407.0,"Castilla y Leon, Spain"
708,2020-04-11,414.0,"Castilla y Leon, Spain"
709,2020-04-12,418.0,"Castilla y Leon, Spain"
710,2020-04-13,423.0,"Castilla y Leon, Spain"
711,2020-04-14,432.0,"Castilla y Leon, Spain"
712,2020-04-15,440.0,"Castilla y Leon, Spain"
713,2020-04-16,445.0,"Castilla y Leon, Spain"
714,2020-04-17,449.0,"Castilla y Leon, Spain"
715,2020-04-18,495.0,"Castilla y Leon, Spain"
716,2020-04-19,498.0,"Castilla y Leon, Spain"
717,2020-04-20,501.0,"Castilla y Leon, Spain"
718,2020-04-21,503.0,"Castilla y Leon, Spain"
719,2020-04-22,505.0,"Castilla y Leon, Spain"
720,2020-04-23,508.0,"Castilla y Leon, Spain"
721,2020-04-24,510.0,"Castilla y Leon, Spain"
722,2020-04-25,511.0,"Castilla y Leon, Spain"
723,2020-04-26,515.0,"Castilla y Leon, Spain"
724,2020-04-27,518.0,"Castilla y Leon, Spain"
725,2020-04-28,522.0,"Castilla y Leon, Spain"
726,2020-04-29,524.0,"Castilla y Leon, Spain"
727,2020-04-30,528.0,"Castilla y Leon, Spain"
728,2020-05-01,531.0,"Castilla y Leon, Spain"
729,2020-05-02,531.0,"Castilla y Leon, Spain"
730,2020-05-03,533.0,"Castilla y Leon, Spain"
731,2020-05-04,534.0,"Castilla y Leon, Spain"
732,2020-05-05,537.0,"Castilla y Leon, Spain"
733,2020-05-06,538.0,"Castilla y Leon, Spain"
734,2020-05-07,541.0,"Castilla y Leon, Spain"
735,2020-05-08,543.0,"Castilla y Leon, Spain"
736,2020-05-09,546.0,"Castilla y Leon, Spain"
737,2020-05-10,546.0,"Castilla y Leon, Spain"
738,2020-05-11,547.0,"Castilla y Leon, Spain"
739,2020-05-12,547.0,"Castilla y Leon, Spain"
740,2020-05-13,547.0,"Castilla y Leon, Spain"
741,2020-05-14,548.0,"Castilla y Leon, Spain"
742,2020-05-15,548.0,"Castilla y Leon, Spain"
743,2020-05-16,549.0,"Castilla y Leon, Spain"
744,2020-05-17,550.0,"Castilla y Leon, Spain"
745,2020-05-18,551.0,"Castilla y Leon, Spain"
746,2020-05-19,551.0,"Castilla y Leon, Spain"
747,2020-05-20,555.0,"Castilla y Leon, Spain"
748,2020-05-21,561.0,"Castilla y Leon, Spain"
749,2020-05-22,557.0,"Castilla y Leon, Spain"
750,2020-05-23,557.0,"Castilla y Leon, Spain"
751,2020-05-24,557.0,"Castilla y Leon, Spain"
752,2020-02-21,,"Cataluña, Spain"
753,2020-02-22,,"Cataluña, Spain"
754,2020-02-23,,"Cataluña, Spain"
755,2020-02-24,,"Cataluña, Spain"
756,2020-02-25,,"Cataluña, Spain"
757,2020-02-26,,"Cataluña, Spain"
758,2020-02-27,,"Cataluña, Spain"
759,2020-02-28,,"Cataluña, Spain"
760,2020-02-29,,"Cataluña, Spain"
761,2020-03-01,,"Cataluña, Spain"
762,2020-03-02,,"Cataluña, Spain"
763,2020-03-03,,"Cataluña, Spain"
764,2020-03-04,,"Cataluña, Spain"
765,2020-03-05,,"Cataluña, Spain"
766,2020-03-06,,"Cataluña, Spain"
767,2020-03-07,,"Cataluña, Spain"
768,2020-03-08,,"Cataluña, Spain"
769,2020-03-09,5.0,"Cataluña, Spain"
770,2020-03-10,7.0,"Cataluña, Spain"
771,2020-03-11,8.0,"Cataluña, Spain"
772,2020-03-12,16.0,"Cataluña, Spain"
773,2020-03-13,22.0,"Cataluña, Spain"
774,2020-03-14,29.0,"Cataluña, Spain"
775,2020-03-15,40.0,"Cataluña, Spain"
776,2020-03-16,52.0,"Cataluña, Spain"
777,2020-03-17,73.0,"Cataluña, Spain"
778,2020-03-18,101.0,"Cataluña, Spain"
779,2020-03-19,118.0,"Cataluña, Spain"
780,2020-03-20,175.0,"Cataluña, Spain"
781,2020-03-21,271.0,"Cataluña, Spain"
782,2020-03-22,290.0,"Cataluña, Spain"
783,2020-03-23,308.0,"Cataluña, Spain"
784,2020-03-24,471.0,"Cataluña, Spain"
785,2020-03-25,713.0,"Cataluña, Spain"
786,2020-03-26,764.0,"Cataluña, Spain"
787,2020-03-27,972.0,"Cataluña, Spain"
788,2020-03-28,1036.0,"Cataluña, Spain"
789,2020-03-29,1080.0,"Cataluña, Spain"
790,2020-03-30,1150.0,"Cataluña, Spain"
791,2020-03-31,1218.0,"Cataluña, Spain"
792,2020-04-01,1345.0,"Cataluña, Spain"
793,2020-04-02,1415.0,"Cataluña, Spain"
794,2020-04-03,1482.0,"Cataluña, Spain"
795,2020-04-04,1569.0,"Cataluña, Spain"
796,2020-04-05,1653.0,"Cataluña, Spain"
797,2020-04-06,1685.0,"Cataluña, Spain"
798,2020-04-07,1740.0,"Cataluña, Spain"
799,2020-04-08,1829.0,"Cataluña, Spain"
800,2020-04-09,1946.0,"Cataluña, Spain"
801,2020-04-10,1966.0,"Cataluña, Spain"
802,2020-04-11,1989.0,"Cataluña, Spain"
803,2020-04-12,2018.0,"Cataluña, Spain"
804,2020-04-13,2084.0,"Cataluña, Spain"
805,2020-04-14,2102.0,"Cataluña, Spain"
806,2020-04-15,2189.0,"Cataluña, Spain"
807,2020-04-16,2252.0,"Cataluña, Spain"
808,2020-04-17,2305.0,"Cataluña, Spain"
809,2020-04-18,2349.0,"Cataluña, Spain"
810,2020-04-19,2395.0,"Cataluña, Spain"
811,2020-04-20,2409.0,"Cataluña, Spain"
812,2020-04-21,2437.0,"Cataluña, Spain"
813,2020-04-22,2460.0,"Cataluña, Spain"
814,2020-04-23,2478.0,"Cataluña, Spain"
815,2020-04-24,2569.0,"Cataluña, Spain"
816,2020-04-25,2576.0,"Cataluña, Spain"
817,2020-04-26,2583.0,"Cataluña, Spain"
818,2020-04-27,2724.0,"Cataluña, Spain"
819,2020-04-28,2750.0,"Cataluña, Spain"
820,2020-04-29,2768.0,"Cataluña, Spain"
821,2020-04-30,2784.0,"Cataluña, Spain"
822,2020-05-01,2795.0,"Cataluña, Spain"
823,2020-05-02,2811.0,"Cataluña, Spain"
824,2020-05-03,2844.0,"Cataluña, Spain"
825,2020-05-04,2847.0,"Cataluña, Spain"
826,2020-05-05,2856.0,"Cataluña, Spain"
827,2020-05-06,2871.0,"Cataluña, Spain"
828,2020-05-07,2891.0,"Cataluña, Spain"
829,2020-05-08,2949.0,"Cataluña, Spain"
830,2020-05-09,2950.0,"Cataluña, Spain"
831,2020-05-10,2951.0,"Cataluña, Spain"
832,2020-05-11,2952.0,"Cataluña, Spain"
833,2020-05-12,2952.0,"Cataluña, Spain"
834,2020-05-13,2953.0,"Cataluña, Spain"
835,2020-05-14,2954.0,"Cataluña, Spain"
836,2020-05-15,2955.0,"Cataluña, Spain"
837,2020-05-16,2956.0,"Cataluña, Spain"
838,2020-05-17,2957.0,"Cataluña, Spain"
839,2020-05-18,2957.0,"Cataluña, Spain"
840,2020-05-19,2960.0,"Cataluña, Spain"
841,2020-05-20,2969.0,"Cataluña, Spain"
842,2020-05-21,2969.0,"Cataluña, Spain"
843,2020-05-22,2969.0,"Cataluña, Spain"
844,2020-05-23,2969.0,"Cataluña, Spain"
845,2020-05-24,2969.0,"Cataluña, Spain"
846,2020-02-21,,"Ceuta, Spain"
847,2020-02-22,,"Ceuta, Spain"
848,2020-02-23,,"Ceuta, Spain"
849,2020-02-24,,"Ceuta, Spain"
850,2020-02-25,,"Ceuta, Spain"
851,2020-02-26,,"Ceuta, Spain"
852,2020-02-27,,"Ceuta, Spain"
853,2020-02-28,,"Ceuta, Spain"
854,2020-02-29,,"Ceuta, Spain"
855,2020-03-01,,"Ceuta, Spain"
856,2020-03-02,,"Ceuta, Spain"
857,2020-03-03,,"Ceuta, Spain"
858,2020-03-04,,"Ceuta, Spain"
859,2020-03-05,,"Ceuta, Spain"
860,2020-03-06,,"Ceuta, Spain"
861,2020-03-07,,"Ceuta, Spain"
862,2020-03-08,,"Ceuta, Spain"
863,2020-03-09,0.0,"Ceuta, Spain"
864,2020-03-10,0.0,"Ceuta, Spain"
865,2020-03-11,0.0,"Ceuta, Spain"
866,2020-03-12,0.0,"Ceuta, Spain"
867,2020-03-13,0.0,"Ceuta, Spain"
868,2020-03-14,0.0,"Ceuta, Spain"
869,2020-03-15,0.0,"Ceuta, Spain"
870,2020-03-16,0.0,"Ceuta, Spain"
871,2020-03-17,0.0,"Ceuta, Spain"
872,2020-03-18,0.0,"Ceuta, Spain"
873,2020-03-19,0.0,"Ceuta, Spain"
874,2020-03-20,0.0,"Ceuta, Spain"
875,2020-03-21,0.0,"Ceuta, Spain"
876,2020-03-22,0.0,"Ceuta, Spain"
877,2020-03-23,0.0,"Ceuta, Spain"
878,2020-03-24,0.0,"Ceuta, Spain"
879,2020-03-25,1.0,"Ceuta, Spain"
880,2020-03-26,2.0,"Ceuta, Spain"
881,2020-03-27,2.0,"Ceuta, Spain"
882,2020-03-28,2.0,"Ceuta, Spain"
883,2020-03-29,2.0,"Ceuta, Spain"
884,2020-03-30,2.0,"Ceuta, Spain"
885,2020-03-31,3.0,"Ceuta, Spain"
886,2020-04-01,3.0,"Ceuta, Spain"
887,2020-04-02,3.0,"Ceuta, Spain"
888,2020-04-03,3.0,"Ceuta, Spain"
889,2020-04-04,4.0,"Ceuta, Spain"
890,2020-04-05,4.0,"Ceuta, Spain"
891,2020-04-06,4.0,"Ceuta, Spain"
892,2020-04-07,4.0,"Ceuta, Spain"
893,2020-04-08,4.0,"Ceuta, Spain"
894,2020-04-09,4.0,"Ceuta, Spain"
895,2020-04-10,4.0,"Ceuta, Spain"
896,2020-04-11,4.0,"Ceuta, Spain"
897,2020-04-12,4.0,"Ceuta, Spain"
898,2020-04-13,4.0,"Ceuta, Spain"
899,2020-04-14,4.0,"Ceuta, Spain"
900,2020-04-15,4.0,"Ceuta, Spain"
901,2020-04-16,4.0,"Ceuta, Spain"
902,2020-04-17,4.0,"Ceuta, Spain"
903,2020-04-18,4.0,"Ceuta, Spain"
904,2020-04-19,4.0,"Ceuta, Spain"
905,2020-04-20,4.0,"Ceuta, Spain"
906,2020-04-21,4.0,"Ceuta, Spain"
907,2020-04-22,4.0,"Ceuta, Spain"
908,2020-04-23,4.0,"Ceuta, Spain"
909,2020-04-24,4.0,"Ceuta, Spain"
910,2020-04-25,4.0,"Ceuta, Spain"
911,2020-04-26,4.0,"Ceuta, Spain"
912,2020-04-27,4.0,"Ceuta, Spain"
913,2020-04-28,4.0,"Ceuta, Spain"
914,2020-04-29,4.0,"Ceuta, Spain"
915,2020-04-30,4.0,"Ceuta, Spain"
916,2020-05-01,4.0,"Ceuta, Spain"
917,2020-05-02,4.0,"Ceuta, Spain"
918,2020-05-03,4.0,"Ceuta, Spain"
919,2020-05-04,4.0,"Ceuta, Spain"
920,2020-05-05,4.0,"Ceuta, Spain"
921,2020-05-06,4.0,"Ceuta, Spain"
922,2020-05-07,4.0,"Ceuta, Spain"
923,2020-05-08,4.0,"Ceuta, Spain"
924,2020-05-09,4.0,"Ceuta, Spain"
925,2020-05-10,4.0,"Ceuta, Spain"
926,2020-05-11,4.0,"Ceuta, Spain"
927,2020-05-12,4.0,"Ceuta, Spain"
928,2020-05-13,4.0,"Ceuta, Spain"
929,2020-05-14,4.0,"Ceuta, Spain"
930,2020-05-15,4.0,"Ceuta, Spain"
931,2020-05-16,4.0,"Ceuta, Spain"
932,2020-05-17,4.0,"Ceuta, Spain"
933,2020-05-18,4.0,"Ceuta, Spain"
934,2020-05-19,4.0,"Ceuta, Spain"
935,2020-05-20,4.0,"Ceuta, Spain"
936,2020-05-21,4.0,"Ceuta, Spain"
937,2020-05-22,4.0,"Ceuta, Spain"
938,2020-05-23,4.0,"Ceuta, Spain"
939,2020-05-24,4.0,"Ceuta, Spain"
940,2020-02-21,0.0,"Valencia, Spain"
941,2020-02-22,1.0,"Valencia, Spain"
942,2020-02-23,1.0,"Valencia, Spain"
943,2020-02-24,2.0,"Valencia, Spain"
944,2020-02-25,2.0,"Valencia, Spain"
945,2020-02-26,2.0,"Valencia, Spain"
946,2020-02-27,3.0,"Valencia, Spain"
947,2020-02-28,3.0,"Valencia, Spain"
948,2020-02-29,3.0,"Valencia, Spain"
949,2020-03-01,3.0,"Valencia, Spain"
950,2020-03-02,3.0,"Valencia, Spain"
951,2020-03-03,3.0,"Valencia, Spain"
952,2020-03-04,5.0,"Valencia, Spain"
953,2020-03-05,6.0,"Valencia, Spain"
954,2020-03-06,8.0,"Valencia, Spain"
955,2020-03-07,8.0,"Valencia, Spain"
956,2020-03-08,9.0,"Valencia, Spain"
957,2020-03-09,9.0,"Valencia, Spain"
958,2020-03-10,10.0,"Valencia, Spain"
959,2020-03-11,12.0,"Valencia, Spain"
960,2020-03-12,15.0,"Valencia, Spain"
961,2020-03-13,22.0,"Valencia, Spain"
962,2020-03-14,29.0,"Valencia, Spain"
963,2020-03-15,37.0,"Valencia, Spain"
964,2020-03-16,47.0,"Valencia, Spain"
965,2020-03-17,52.0,"Valencia, Spain"
966,2020-03-18,65.0,"Valencia, Spain"
967,2020-03-19,85.0,"Valencia, Spain"
968,2020-03-20,101.0,"Valencia, Spain"
969,2020-03-21,129.0,"Valencia, Spain"
970,2020-03-22,152.0,"Valencia, Spain"
971,2020-03-23,181.0,"Valencia, Spain"
972,2020-03-24,222.0,"Valencia, Spain"
973,2020-03-25,255.0,"Valencia, Spain"
974,2020-03-26,289.0,"Valencia, Spain"
975,2020-03-27,325.0,"Valencia, Spain"
976,2020-03-28,348.0,"Valencia, Spain"
977,2020-03-29,375.0,"Valencia, Spain"
978,2020-03-30,393.0,"Valencia, Spain"
979,2020-03-31,416.0,"Valencia, Spain"
980,2020-04-01,434.0,"Valencia, Spain"
981,2020-04-02,449.0,"Valencia, Spain"
982,2020-04-03,460.0,"Valencia, Spain"
983,2020-04-04,470.0,"Valencia, Spain"
984,2020-04-05,478.0,"Valencia, Spain"
985,2020-04-06,487.0,"Valencia, Spain"
986,2020-04-07,492.0,"Valencia, Spain"
987,2020-04-08,496.0,"Valencia, Spain"
988,2020-04-09,541.0,"Valencia, Spain"
989,2020-04-10,561.0,"Valencia, Spain"
990,2020-04-11,565.0,"Valencia, Spain"
991,2020-04-12,567.0,"Valencia, Spain"
992,2020-04-13,576.0,"Valencia, Spain"
993,2020-04-14,581.0,"Valencia, Spain"
994,2020-04-15,588.0,"Valencia, Spain"
995,2020-04-16,625.0,"Valencia, Spain"
996,2020-04-17,632.0,"Valencia, Spain"
997,2020-04-18,636.0,"Valencia, Spain"
998,2020-04-19,643.0,"Valencia, Spain"
999,2020-04-20,646.0,"Valencia, Spain"
1000,2020-04-21,648.0,"Valencia, Spain"
1001,2020-04-22,649.0,"Valencia, Spain"
1002,2020-04-23,650.0,"Valencia, Spain"
1003,2020-04-24,651.0,"Valencia, Spain"
1004,2020-04-25,653.0,"Valencia, Spain"
1005,2020-04-26,654.0,"Valencia, Spain"
1006,2020-04-27,656.0,"Valencia, Spain"
1007,2020-04-28,659.0,"Valencia, Spain"
1008,2020-04-29,662.0,"Valencia, Spain"
1009,2020-04-30,663.0,"Valencia, Spain"
1010,2020-05-01,694.0,"Valencia, Spain"
1011,2020-05-02,695.0,"Valencia, Spain"
1012,2020-05-03,698.0,"Valencia, Spain"
1013,2020-05-04,700.0,"Valencia, Spain"
1014,2020-05-05,701.0,"Valencia, Spain"
1015,2020-05-06,701.0,"Valencia, Spain"
1016,2020-05-07,704.0,"Valencia, Spain"
1017,2020-05-08,706.0,"Valencia, Spain"
1018,2020-05-09,709.0,"Valencia, Spain"
1019,2020-05-10,716.0,"Valencia, Spain"
1020,2020-05-11,716.0,"Valencia, Spain"
1021,2020-05-12,717.0,"Valencia, Spain"
1022,2020-05-13,717.0,"Valencia, Spain"
1023,2020-05-14,717.0,"Valencia, Spain"
1024,2020-05-15,721.0,"Valencia, Spain"
1025,2020-05-16,722.0,"Valencia, Spain"
1026,2020-05-17,723.0,"Valencia, Spain"
1027,2020-05-18,725.0,"Valencia, Spain"
1028,2020-05-19,727.0,"Valencia, Spain"
1029,2020-05-20,727.0,"Valencia, Spain"
1030,2020-05-21,730.0,"Valencia, Spain"
1031,2020-05-22,731.0,"Valencia, Spain"
1032,2020-05-23,733.0,"Valencia, Spain"
1033,2020-05-24,733.0,"Valencia, Spain"
1034,2020-02-21,,"Extremadura, Spain"
1035,2020-02-22,,"Extremadura, Spain"
1036,2020-02-23,,"Extremadura, Spain"
1037,2020-02-24,,"Extremadura, Spain"
1038,2020-02-25,,"Extremadura, Spain"
1039,2020-02-26,,"Extremadura, Spain"
1040,2020-02-27,,"Extremadura, Spain"
1041,2020-02-28,,"Extremadura, Spain"
1042,2020-02-29,,"Extremadura, Spain"
1043,2020-03-01,,"Extremadura, Spain"
1044,2020-03-02,,"Extremadura, Spain"
1045,2020-03-03,,"Extremadura, Spain"
1046,2020-03-04,,"Extremadura, Spain"
1047,2020-03-05,,"Extremadura, Spain"
1048,2020-03-06,,"Extremadura, Spain"
1049,2020-03-07,,"Extremadura, Spain"
1050,2020-03-08,,"Extremadura, Spain"
1051,2020-03-09,0.0,"Extremadura, Spain"
1052,2020-03-10,0.0,"Extremadura, Spain"
1053,2020-03-11,1.0,"Extremadura, Spain"
1054,2020-03-12,1.0,"Extremadura, Spain"
1055,2020-03-13,1.0,"Extremadura, Spain"
1056,2020-03-14,1.0,"Extremadura, Spain"
1057,2020-03-15,1.0,"Extremadura, Spain"
1058,2020-03-16,2.0,"Extremadura, Spain"
1059,2020-03-17,5.0,"Extremadura, Spain"
1060,2020-03-18,6.0,"Extremadura, Spain"
1061,2020-03-19,9.0,"Extremadura, Spain"
1062,2020-03-20,12.0,"Extremadura, Spain"
1063,2020-03-21,13.0,"Extremadura, Spain"
1064,2020-03-22,24.0,"Extremadura, Spain"
1065,2020-03-23,33.0,"Extremadura, Spain"
1066,2020-03-24,40.0,"Extremadura, Spain"
1067,2020-03-25,48.0,"Extremadura, Spain"
1068,2020-03-26,52.0,"Extremadura, Spain"
1069,2020-03-27,54.0,"Extremadura, Spain"
1070,2020-03-28,58.0,"Extremadura, Spain"
1071,2020-03-29,67.0,"Extremadura, Spain"
1072,2020-03-30,71.0,"Extremadura, Spain"
1073,2020-03-31,77.0,"Extremadura, Spain"
1074,2020-04-01,82.0,"Extremadura, Spain"
1075,2020-04-02,83.0,"Extremadura, Spain"
1076,2020-04-03,85.0,"Extremadura, Spain"
1077,2020-04-04,88.0,"Extremadura, Spain"
1078,2020-04-05,91.0,"Extremadura, Spain"
1079,2020-04-06,93.0,"Extremadura, Spain"
1080,2020-04-07,96.0,"Extremadura, Spain"
1081,2020-04-08,98.0,"Extremadura, Spain"
1082,2020-04-09,99.0,"Extremadura, Spain"
1083,2020-04-10,101.0,"Extremadura, Spain"
1084,2020-04-11,104.0,"Extremadura, Spain"
1085,2020-04-12,106.0,"Extremadura, Spain"
1086,2020-04-13,107.0,"Extremadura, Spain"
1087,2020-04-14,107.0,"Extremadura, Spain"
1088,2020-04-15,107.0,"Extremadura, Spain"
1089,2020-04-16,107.0,"Extremadura, Spain"
1090,2020-04-17,107.0,"Extremadura, Spain"
1091,2020-04-18,107.0,"Extremadura, Spain"
1092,2020-04-19,107.0,"Extremadura, Spain"
1093,2020-04-20,107.0,"Extremadura, Spain"
1094,2020-04-21,107.0,"Extremadura, Spain"
1095,2020-04-22,107.0,"Extremadura, Spain"
1096,2020-04-23,107.0,"Extremadura, Spain"
1097,2020-04-24,107.0,"Extremadura, Spain"
1098,2020-04-25,107.0,"Extremadura, Spain"
1099,2020-04-26,107.0,"Extremadura, Spain"
1100,2020-04-27,107.0,"Extremadura, Spain"
1101,2020-04-28,107.0,"Extremadura, Spain"
1102,2020-04-29,107.0,"Extremadura, Spain"
1103,2020-04-30,108.0,"Extremadura, Spain"
1104,2020-05-01,108.0,"Extremadura, Spain"
1105,2020-05-02,108.0,"Extremadura, Spain"
1106,2020-05-03,108.0,"Extremadura, Spain"
1107,2020-05-04,108.0,"Extremadura, Spain"
1108,2020-05-05,108.0,"Extremadura, Spain"
1109,2020-05-06,108.0,"Extremadura, Spain"
1110,2020-05-07,108.0,"Extremadura, Spain"
1111,2020-05-08,109.0,"Extremadura, Spain"
1112,2020-05-09,109.0,"Extremadura, Spain"
1113,2020-05-10,109.0,"Extremadura, Spain"
1114,2020-05-11,109.0,"Extremadura, Spain"
1115,2020-05-12,109.0,"Extremadura, Spain"
1116,2020-05-13,109.0,"Extremadura, Spain"
1117,2020-05-14,109.0,"Extremadura, Spain"
1118,2020-05-15,109.0,"Extremadura, Spain"
1119,2020-05-16,109.0,"Extremadura, Spain"
1120,2020-05-17,110.0,"Extremadura, Spain"
1121,2020-05-18,110.0,"Extremadura, Spain"
1122,2020-05-19,110.0,"Extremadura, Spain"
1123,2020-05-20,110.0,"Extremadura, Spain"
1124,2020-05-21,110.0,"Extremadura, Spain"
1125,2020-05-22,110.0,"Extremadura, Spain"
1126,2020-05-23,110.0,"Extremadura, Spain"
1127,2020-05-24,110.0,"Extremadura, Spain"
1128,2020-02-21,,"Galicia, Spain"
1129,2020-02-22,,"Galicia, Spain"
1130,2020-02-23,,"Galicia, Spain"
1131,2020-02-24,,"Galicia, Spain"
1132,2020-02-25,,"Galicia, Spain"
1133,2020-02-26,,"Galicia, Spain"
1134,2020-02-27,,"Galicia, Spain"
1135,2020-02-28,,"Galicia, Spain"
1136,2020-02-29,,"Galicia, Spain"
1137,2020-03-01,,"Galicia, Spain"
1138,2020-03-02,,"Galicia, Spain"
1139,2020-03-03,,"Galicia, Spain"
1140,2020-03-04,,"Galicia, Spain"
1141,2020-03-05,,"Galicia, Spain"
1142,2020-03-06,,"Galicia, Spain"
1143,2020-03-07,,"Galicia, Spain"
1144,2020-03-08,,"Galicia, Spain"
1145,2020-03-09,2.0,"Galicia, Spain"
1146,2020-03-10,2.0,"Galicia, Spain"
1147,2020-03-11,2.0,"Galicia, Spain"
1148,2020-03-12,2.0,"Galicia, Spain"
1149,2020-03-13,6.0,"Galicia, Spain"
1150,2020-03-14,6.0,"Galicia, Spain"
1151,2020-03-15,6.0,"Galicia, Spain"
1152,2020-03-16,8.0,"Galicia, Spain"
1153,2020-03-17,12.0,"Galicia, Spain"
1154,2020-03-18,17.0,"Galicia, Spain"
1155,2020-03-19,24.0,"Galicia, Spain"
1156,2020-03-20,34.0,"Galicia, Spain"
1157,2020-03-21,40.0,"Galicia, Spain"
1158,2020-03-22,50.0,"Galicia, Spain"
1159,2020-03-23,62.0,"Galicia, Spain"
1160,2020-03-24,78.0,"Galicia, Spain"
1161,2020-03-25,100.0,"Galicia, Spain"
1162,2020-03-26,107.0,"Galicia, Spain"
1163,2020-03-27,122.0,"Galicia, Spain"
1164,2020-03-28,141.0,"Galicia, Spain"
1165,2020-03-29,159.0,"Galicia, Spain"
1166,2020-03-30,176.0,"Galicia, Spain"
1167,2020-03-31,189.0,"Galicia, Spain"
1168,2020-04-01,203.0,"Galicia, Spain"
1169,2020-04-02,212.0,"Galicia, Spain"
1170,2020-04-03,219.0,"Galicia, Spain"
1171,2020-04-04,229.0,"Galicia, Spain"
1172,2020-04-05,237.0,"Galicia, Spain"
1173,2020-04-06,245.0,"Galicia, Spain"
1174,2020-04-07,253.0,"Galicia, Spain"
1175,2020-04-08,256.0,"Galicia, Spain"
1176,2020-04-09,260.0,"Galicia, Spain"
1177,2020-04-10,263.0,"Galicia, Spain"
1178,2020-04-11,264.0,"Galicia, Spain"
1179,2020-04-12,267.0,"Galicia, Spain"
1180,2020-04-13,275.0,"Galicia, Spain"
1181,2020-04-14,280.0,"Galicia, Spain"
1182,2020-04-15,282.0,"Galicia, Spain"
1183,2020-04-16,282.0,"Galicia, Spain"
1184,2020-04-17,290.0,"Galicia, Spain"
1185,2020-04-18,291.0,"Galicia, Spain"
1186,2020-04-19,294.0,"Galicia, Spain"
1187,2020-04-20,296.0,"Galicia, Spain"
1188,2020-04-21,296.0,"Galicia, Spain"
1189,2020-04-22,297.0,"Galicia, Spain"
1190,2020-04-23,298.0,"Galicia, Spain"
1191,2020-04-24,301.0,"Galicia, Spain"
1192,2020-04-25,302.0,"Galicia, Spain"
1193,2020-04-26,303.0,"Galicia, Spain"
1194,2020-04-27,304.0,"Galicia, Spain"
1195,2020-04-28,305.0,"Galicia, Spain"
1196,2020-04-29,308.0,"Galicia, Spain"
1197,2020-04-30,310.0,"Galicia, Spain"
1198,2020-05-01,313.0,"Galicia, Spain"
1199,2020-05-02,313.0,"Galicia, Spain"
1200,2020-05-03,315.0,"Galicia, Spain"
1201,2020-05-04,315.0,"Galicia, Spain"
1202,2020-05-05,317.0,"Galicia, Spain"
1203,2020-05-06,319.0,"Galicia, Spain"
1204,2020-05-07,320.0,"Galicia, Spain"
1205,2020-05-08,321.0,"Galicia, Spain"
1206,2020-05-09,323.0,"Galicia, Spain"
1207,2020-05-10,325.0,"Galicia, Spain"
1208,2020-05-11,326.0,"Galicia, Spain"
1209,2020-05-12,326.0,"Galicia, Spain"
1210,2020-05-13,327.0,"Galicia, Spain"
1211,2020-05-14,327.0,"Galicia, Spain"
1212,2020-05-15,332.0,"Galicia, Spain"
1213,2020-05-16,332.0,"Galicia, Spain"
1214,2020-05-17,332.0,"Galicia, Spain"
1215,2020-05-18,332.0,"Galicia, Spain"
1216,2020-05-19,332.0,"Galicia, Spain"
1217,2020-05-20,334.0,"Galicia, Spain"
1218,2020-05-21,334.0,"Galicia, Spain"
1219,2020-05-22,334.0,"Galicia, Spain"
1220,2020-05-23,335.0,"Galicia, Spain"
1221,2020-05-24,336.0,"Galicia, Spain"
1222,2020-02-21,,"Madrid, Spain"
1223,2020-02-22,,"Madrid, Spain"
1224,2020-02-23,,"Madrid, Spain"
1225,2020-02-24,,"Madrid, Spain"
1226,2020-02-25,,"Madrid, Spain"
1227,2020-02-26,,"Madrid, Spain"
1228,2020-02-27,,"Madrid, Spain"
1229,2020-02-28,,"Madrid, Spain"
1230,2020-02-29,,"Madrid, Spain"
1231,2020-03-01,,"Madrid, Spain"
1232,2020-03-02,,"Madrid, Spain"
1233,2020-03-03,,"Madrid, Spain"
1234,2020-03-04,,"Madrid, Spain"
1235,2020-03-05,,"Madrid, Spain"
1236,2020-03-06,,"Madrid, Spain"
1237,2020-03-07,,"Madrid, Spain"
1238,2020-03-08,,"Madrid, Spain"
1239,2020-03-09,61.0,"Madrid, Spain"
1240,2020-03-10,120.0,"Madrid, Spain"
1241,2020-03-11,184.0,"Madrid, Spain"
1242,2020-03-12,238.0,"Madrid, Spain"
1243,2020-03-13,307.0,"Madrid, Spain"
1244,2020-03-14,370.0,"Madrid, Spain"
1245,2020-03-15,469.0,"Madrid, Spain"
1246,2020-03-16,566.0,"Madrid, Spain"
1247,2020-03-17,702.0,"Madrid, Spain"
1248,2020-03-18,850.0,"Madrid, Spain"
1249,2020-03-19,1011.0,"Madrid, Spain"
1250,2020-03-20,1196.0,"Madrid, Spain"
1251,2020-03-21,1401.0,"Madrid, Spain"
1252,2020-03-22,1532.0,"Madrid, Spain"
1253,2020-03-23,1664.0,"Madrid, Spain"
1254,2020-03-24,1813.0,"Madrid, Spain"
1255,2020-03-25,1962.0,"Madrid, Spain"
1256,2020-03-26,2117.0,"Madrid, Spain"
1257,2020-03-27,2272.0,"Madrid, Spain"
1258,2020-03-28,2369.0,"Madrid, Spain"
1259,2020-03-29,2423.0,"Madrid, Spain"
1260,2020-03-30,2464.0,"Madrid, Spain"
1261,2020-03-31,2554.0,"Madrid, Spain"
1262,2020-04-01,2627.0,"Madrid, Spain"
1263,2020-04-02,2694.0,"Madrid, Spain"
1264,2020-04-03,2764.0,"Madrid, Spain"
1265,2020-04-04,2821.0,"Madrid, Spain"
1266,2020-04-05,2854.0,"Madrid, Spain"
1267,2020-04-06,2879.0,"Madrid, Spain"
1268,2020-04-07,2958.0,"Madrid, Spain"
1269,2020-04-08,3002.0,"Madrid, Spain"
1270,2020-04-09,3038.0,"Madrid, Spain"
1271,2020-04-10,3061.0,"Madrid, Spain"
1272,2020-04-11,3091.0,"Madrid, Spain"
1273,2020-04-12,3105.0,"Madrid, Spain"
1274,2020-04-13,3122.0,"Madrid, Spain"
1275,2020-04-14,3153.0,"Madrid, Spain"
1276,2020-04-15,3180.0,"Madrid, Spain"
1277,2020-04-16,3203.0,"Madrid, Spain"
1278,2020-04-17,3214.0,"Madrid, Spain"
1279,2020-04-18,3228.0,"Madrid, Spain"
1280,2020-04-19,3238.0,"Madrid, Spain"
1281,2020-04-20,3248.0,"Madrid, Spain"
1282,2020-04-21,3278.0,"Madrid, Spain"
1283,2020-04-22,3283.0,"Madrid, Spain"
1284,2020-04-23,3288.0,"Madrid, Spain"
1285,2020-04-24,3305.0,"Madrid, Spain"
1286,2020-04-25,3307.0,"Madrid, Spain"
1287,2020-04-26,3308.0,"Madrid, Spain"
1288,2020-04-27,3309.0,"Madrid, Spain"
1289,2020-04-28,3338.0,"Madrid, Spain"
1290,2020-04-29,3355.0,"Madrid, Spain"
1291,2020-04-30,3377.0,"Madrid, Spain"
1292,2020-05-01,3392.0,"Madrid, Spain"
1293,2020-05-02,3404.0,"Madrid, Spain"
1294,2020-05-03,3421.0,"Madrid, Spain"
1295,2020-05-04,3431.0,"Madrid, Spain"
1296,2020-05-05,3442.0,"Madrid, Spain"
1297,2020-05-06,3465.0,"Madrid, Spain"
1298,2020-05-07,3485.0,"Madrid, Spain"
1299,2020-05-08,3493.0,"Madrid, Spain"
1300,2020-05-09,3508.0,"Madrid, Spain"
1301,2020-05-10,3520.0,"Madrid, Spain"
1302,2020-05-11,3529.0,"Madrid, Spain"
1303,2020-05-12,3543.0,"Madrid, Spain"
1304,2020-05-13,3555.0,"Madrid, Spain"
1305,2020-05-14,3564.0,"Madrid, Spain"
1306,2020-05-15,3574.0,"Madrid, Spain"
1307,2020-05-16,3577.0,"Madrid, Spain"
1308,2020-05-17,3584.0,"Madrid, Spain"
1309,2020-05-18,3594.0,"Madrid, Spain"
1310,2020-05-19,3600.0,"Madrid, Spain"
1311,2020-05-20,3610.0,"Madrid, Spain"
1312,2020-05-21,3617.0,"Madrid, Spain"
1313,2020-05-22,3627.0,"Madrid, Spain"
1314,2020-05-23,3634.0,"Madrid, Spain"
1315,2020-05-24,3635.0,"Madrid, Spain"
1316,2020-02-21,,"Melilla, Spain"
1317,2020-02-22,,"Melilla, Spain"
1318,2020-02-23,,"Melilla, Spain"
1319,2020-02-24,,"Melilla, Spain"
1320,2020-02-25,,"Melilla, Spain"
1321,2020-02-26,,"Melilla, Spain"
1322,2020-02-27,,"Melilla, Spain"
1323,2020-02-28,,"Melilla, Spain"
1324,2020-02-29,,"Melilla, Spain"
1325,2020-03-01,,"Melilla, Spain"
1326,2020-03-02,,"Melilla, Spain"
1327,2020-03-03,,"Melilla, Spain"
1328,2020-03-04,,"Melilla, Spain"
1329,2020-03-05,,"Melilla, Spain"
1330,2020-03-06,,"Melilla, Spain"
1331,2020-03-07,,"Melilla, Spain"
1332,2020-03-08,,"Melilla, Spain"
1333,2020-03-09,0.0,"Melilla, Spain"
1334,2020-03-10,0.0,"Melilla, Spain"
1335,2020-03-11,0.0,"Melilla, Spain"
1336,2020-03-12,0.0,"Melilla, Spain"
1337,2020-03-13,0.0,"Melilla, Spain"
1338,2020-03-14,0.0,"Melilla, Spain"
1339,2020-03-15,0.0,"Melilla, Spain"
1340,2020-03-16,0.0,"Melilla, Spain"
1341,2020-03-17,0.0,"Melilla, Spain"
1342,2020-03-18,0.0,"Melilla, Spain"
1343,2020-03-19,0.0,"Melilla, Spain"
1344,2020-03-20,1.0,"Melilla, Spain"
1345,2020-03-21,1.0,"Melilla, Spain"
1346,2020-03-22,1.0,"Melilla, Spain"
1347,2020-03-23,1.0,"Melilla, Spain"
1348,2020-03-24,1.0,"Melilla, Spain"
1349,2020-03-25,2.0,"Melilla, Spain"
1350,2020-03-26,2.0,"Melilla, Spain"
1351,2020-03-27,2.0,"Melilla, Spain"
1352,2020-03-28,2.0,"Melilla, Spain"
1353,2020-03-29,2.0,"Melilla, Spain"
1354,2020-03-30,3.0,"Melilla, Spain"
1355,2020-03-31,3.0,"Melilla, Spain"
1356,2020-04-01,3.0,"Melilla, Spain"
1357,2020-04-02,3.0,"Melilla, Spain"
1358,2020-04-03,3.0,"Melilla, Spain"
1359,2020-04-04,3.0,"Melilla, Spain"
1360,2020-04-05,3.0,"Melilla, Spain"
1361,2020-04-06,3.0,"Melilla, Spain"
1362,2020-04-07,3.0,"Melilla, Spain"
1363,2020-04-08,3.0,"Melilla, Spain"
1364,2020-04-09,3.0,"Melilla, Spain"
1365,2020-04-10,3.0,"Melilla, Spain"
1366,2020-04-11,3.0,"Melilla, Spain"
1367,2020-04-12,3.0,"Melilla, Spain"
1368,2020-04-13,3.0,"Melilla, Spain"
1369,2020-04-14,3.0,"Melilla, Spain"
1370,2020-04-15,3.0,"Melilla, Spain"
1371,2020-04-16,3.0,"Melilla, Spain"
1372,2020-04-17,3.0,"Melilla, Spain"
1373,2020-04-18,3.0,"Melilla, Spain"
1374,2020-04-19,3.0,"Melilla, Spain"
1375,2020-04-20,3.0,"Melilla, Spain"
1376,2020-04-21,3.0,"Melilla, Spain"
1377,2020-04-22,3.0,"Melilla, Spain"
1378,2020-04-23,3.0,"Melilla, Spain"
1379,2020-04-24,3.0,"Melilla, Spain"
1380,2020-04-25,3.0,"Melilla, Spain"
1381,2020-04-26,3.0,"Melilla, Spain"
1382,2020-04-27,3.0,"Melilla, Spain"
1383,2020-04-28,3.0,"Melilla, Spain"
1384,2020-04-29,3.0,"Melilla, Spain"
1385,2020-04-30,3.0,"Melilla, Spain"
1386,2020-05-01,3.0,"Melilla, Spain"
1387,2020-05-02,3.0,"Melilla, Spain"
1388,2020-05-03,3.0,"Melilla, Spain"
1389,2020-05-04,3.0,"Melilla, Spain"
1390,2020-05-05,3.0,"Melilla, Spain"
1391,2020-05-06,3.0,"Melilla, Spain"
1392,2020-05-07,3.0,"Melilla, Spain"
1393,2020-05-08,3.0,"Melilla, Spain"
1394,2020-05-09,3.0,"Melilla, Spain"
1395,2020-05-10,3.0,"Melilla, Spain"
1396,2020-05-11,3.0,"Melilla, Spain"
1397,2020-05-12,3.0,"Melilla, Spain"
1398,2020-05-13,3.0,"Melilla, Spain"
1399,2020-05-14,3.0,"Melilla, Spain"
1400,2020-05-15,3.0,"Melilla, Spain"
1401,2020-05-16,3.0,"Melilla, Spain"
1402,2020-05-17,3.0,"Melilla, Spain"
1403,2020-05-18,3.0,"Melilla, Spain"
1404,2020-05-19,3.0,"Melilla, Spain"
1405,2020-05-20,3.0,"Melilla, Spain"
1406,2020-05-21,3.0,"Melilla, Spain"
1407,2020-05-22,3.0,"Melilla, Spain"
1408,2020-05-23,3.0,"Melilla, Spain"
1409,2020-05-24,3.0,"Melilla, Spain"
1410,2020-02-21,,"Murcia, Spain"
1411,2020-02-22,,"Murcia, Spain"
1412,2020-02-23,,"Murcia, Spain"
1413,2020-02-24,,"Murcia, Spain"
1414,2020-02-25,,"Murcia, Spain"
1415,2020-02-26,,"Murcia, Spain"
1416,2020-02-27,,"Murcia, Spain"
1417,2020-02-28,,"Murcia, Spain"
1418,2020-02-29,,"Murcia, Spain"
1419,2020-03-01,,"Murcia, Spain"
1420,2020-03-02,,"Murcia, Spain"
1421,2020-03-03,,"Murcia, Spain"
1422,2020-03-04,,"Murcia, Spain"
1423,2020-03-05,,"Murcia, Spain"
1424,2020-03-06,,"Murcia, Spain"
1425,2020-03-07,,"Murcia, Spain"
1426,2020-03-08,,"Murcia, Spain"
1427,2020-03-09,0.0,"Murcia, Spain"
1428,2020-03-10,0.0,"Murcia, Spain"
1429,2020-03-11,0.0,"Murcia, Spain"
1430,2020-03-12,1.0,"Murcia, Spain"
1431,2020-03-13,2.0,"Murcia, Spain"
1432,2020-03-14,2.0,"Murcia, Spain"
1433,2020-03-15,2.0,"Murcia, Spain"
1434,2020-03-16,2.0,"Murcia, Spain"
1435,2020-03-17,3.0,"Murcia, Spain"
1436,2020-03-18,4.0,"Murcia, Spain"
1437,2020-03-19,6.0,"Murcia, Spain"
1438,2020-03-20,11.0,"Murcia, Spain"
1439,2020-03-21,14.0,"Murcia, Spain"
1440,2020-03-22,16.0,"Murcia, Spain"
1441,2020-03-23,23.0,"Murcia, Spain"
1442,2020-03-24,26.0,"Murcia, Spain"
1443,2020-03-25,33.0,"Murcia, Spain"
1444,2020-03-26,36.0,"Murcia, Spain"
1445,2020-03-27,53.0,"Murcia, Spain"
1446,2020-03-28,58.0,"Murcia, Spain"
1447,2020-03-29,58.0,"Murcia, Spain"
1448,2020-03-30,58.0,"Murcia, Spain"
1449,2020-03-31,59.0,"Murcia, Spain"
1450,2020-04-01,59.0,"Murcia, Spain"
1451,2020-04-02,68.0,"Murcia, Spain"
1452,2020-04-03,72.0,"Murcia, Spain"
1453,2020-04-04,79.0,"Murcia, Spain"
1454,2020-04-05,80.0,"Murcia, Spain"
1455,2020-04-06,81.0,"Murcia, Spain"
1456,2020-04-07,84.0,"Murcia, Spain"
1457,2020-04-08,86.0,"Murcia, Spain"
1458,2020-04-09,87.0,"Murcia, Spain"
1459,2020-04-10,88.0,"Murcia, Spain"
1460,2020-04-11,88.0,"Murcia, Spain"
1461,2020-04-12,91.0,"Murcia, Spain"
1462,2020-04-13,94.0,"Murcia, Spain"
1463,2020-04-14,96.0,"Murcia, Spain"
1464,2020-04-15,97.0,"Murcia, Spain"
1465,2020-04-16,97.0,"Murcia, Spain"
1466,2020-04-17,99.0,"Murcia, Spain"
1467,2020-04-18,102.0,"Murcia, Spain"
1468,2020-04-19,102.0,"Murcia, Spain"
1469,2020-04-20,103.0,"Murcia, Spain"
1470,2020-04-21,104.0,"Murcia, Spain"
1471,2020-04-22,104.0,"Murcia, Spain"
1472,2020-04-23,104.0,"Murcia, Spain"
1473,2020-04-24,105.0,"Murcia, Spain"
1474,2020-04-25,105.0,"Murcia, Spain"
1475,2020-04-26,106.0,"Murcia, Spain"
1476,2020-04-27,106.0,"Murcia, Spain"
1477,2020-04-28,106.0,"Murcia, Spain"
1478,2020-04-29,106.0,"Murcia, Spain"
1479,2020-04-30,108.0,"Murcia, Spain"
1480,2020-05-01,109.0,"Murcia, Spain"
1481,2020-05-02,110.0,"Murcia, Spain"
1482,2020-05-03,110.0,"Murcia, Spain"
1483,2020-05-04,110.0,"Murcia, Spain"
1484,2020-05-05,111.0,"Murcia, Spain"
1485,2020-05-06,111.0,"Murcia, Spain"
1486,2020-05-07,111.0,"Murcia, Spain"
1487,2020-05-08,112.0,"Murcia, Spain"
1488,2020-05-09,112.0,"Murcia, Spain"
1489,2020-05-10,112.0,"Murcia, Spain"
1490,2020-05-11,112.0,"Murcia, Spain"
1491,2020-05-12,112.0,"Murcia, Spain"
1492,2020-05-13,112.0,"Murcia, Spain"
1493,2020-05-14,112.0,"Murcia, Spain"
1494,2020-05-15,112.0,"Murcia, Spain"
1495,2020-05-16,112.0,"Murcia, Spain"
1496,2020-05-17,112.0,"Murcia, Spain"
1497,2020-05-18,112.0,"Murcia, Spain"
1498,2020-05-19,112.0,"Murcia, Spain"
1499,2020-05-20,112.0,"Murcia, Spain"
1500,2020-05-21,112.0,"Murcia, Spain"
1501,2020-05-22,112.0,"Murcia, Spain"
1502,2020-05-23,112.0,"Murcia, Spain"
1503,2020-05-24,112.0,"Murcia, Spain"
1504,2020-02-21,,"Navarra, Spain"
1505,2020-02-22,,"Navarra, Spain"
1506,2020-02-23,,"Navarra, Spain"
1507,2020-02-24,,"Navarra, Spain"
1508,2020-02-25,,"Navarra, Spain"
1509,2020-02-26,,"Navarra, Spain"
1510,2020-02-27,,"Navarra, Spain"
1511,2020-02-28,,"Navarra, Spain"
1512,2020-02-29,,"Navarra, Spain"
1513,2020-03-01,,"Navarra, Spain"
1514,2020-03-02,,"Navarra, Spain"
1515,2020-03-03,,"Navarra, Spain"
1516,2020-03-04,,"Navarra, Spain"
1517,2020-03-05,,"Navarra, Spain"
1518,2020-03-06,,"Navarra, Spain"
1519,2020-03-07,,"Navarra, Spain"
1520,2020-03-08,,"Navarra, Spain"
1521,2020-03-09,1.0,"Navarra, Spain"
1522,2020-03-10,2.0,"Navarra, Spain"
1523,2020-03-11,3.0,"Navarra, Spain"
1524,2020-03-12,3.0,"Navarra, Spain"
1525,2020-03-13,4.0,"Navarra, Spain"
1526,2020-03-14,4.0,"Navarra, Spain"
1527,2020-03-15,4.0,"Navarra, Spain"
1528,2020-03-16,5.0,"Navarra, Spain"
1529,2020-03-17,10.0,"Navarra, Spain"
1530,2020-03-18,10.0,"Navarra, Spain"
1531,2020-03-19,11.0,"Navarra, Spain"
1532,2020-03-20,19.0,"Navarra, Spain"
1533,2020-03-21,25.0,"Navarra, Spain"
1534,2020-03-22,30.0,"Navarra, Spain"
1535,2020-03-23,40.0,"Navarra, Spain"
1536,2020-03-24,45.0,"Navarra, Spain"
1537,2020-03-25,51.0,"Navarra, Spain"
1538,2020-03-26,54.0,"Navarra, Spain"
1539,2020-03-27,75.0,"Navarra, Spain"
1540,2020-03-28,84.0,"Navarra, Spain"
1541,2020-03-29,90.0,"Navarra, Spain"
1542,2020-03-30,96.0,"Navarra, Spain"
1543,2020-03-31,99.0,"Navarra, Spain"
1544,2020-04-01,104.0,"Navarra, Spain"
1545,2020-04-02,108.0,"Navarra, Spain"
1546,2020-04-03,119.0,"Navarra, Spain"
1547,2020-04-04,120.0,"Navarra, Spain"
1548,2020-04-05,123.0,"Navarra, Spain"
1549,2020-04-06,124.0,"Navarra, Spain"
1550,2020-04-07,124.0,"Navarra, Spain"
1551,2020-04-08,124.0,"Navarra, Spain"
1552,2020-04-09,124.0,"Navarra, Spain"
1553,2020-04-10,124.0,"Navarra, Spain"
1554,2020-04-11,124.0,"Navarra, Spain"
1555,2020-04-12,124.0,"Navarra, Spain"
1556,2020-04-13,124.0,"Navarra, Spain"
1557,2020-04-14,124.0,"Navarra, Spain"
1558,2020-04-15,124.0,"Navarra, Spain"
1559,2020-04-16,124.0,"Navarra, Spain"
1560,2020-04-17,124.0,"Navarra, Spain"
1561,2020-04-18,127.0,"Navarra, Spain"
1562,2020-04-19,127.0,"Navarra, Spain"
1563,2020-04-20,128.0,"Navarra, Spain"
1564,2020-04-21,128.0,"Navarra, Spain"
1565,2020-04-22,128.0,"Navarra, Spain"
1566,2020-04-23,129.0,"Navarra, Spain"
1567,2020-04-24,129.0,"Navarra, Spain"
1568,2020-04-25,129.0,"Navarra, Spain"
1569,2020-04-26,129.0,"Navarra, Spain"
1570,2020-04-27,130.0,"Navarra, Spain"
1571,2020-04-28,130.0,"Navarra, Spain"
1572,2020-04-29,130.0,"Navarra, Spain"
1573,2020-04-30,132.0,"Navarra, Spain"
1574,2020-05-01,132.0,"Navarra, Spain"
1575,2020-05-02,132.0,"Navarra, Spain"
1576,2020-05-03,133.0,"Navarra, Spain"
1577,2020-05-04,133.0,"Navarra, Spain"
1578,2020-05-05,134.0,"Navarra, Spain"
1579,2020-05-06,135.0,"Navarra, Spain"
1580,2020-05-07,135.0,"Navarra, Spain"
1581,2020-05-08,135.0,"Navarra, Spain"
1582,2020-05-09,135.0,"Navarra, Spain"
1583,2020-05-10,135.0,"Navarra, Spain"
1584,2020-05-11,135.0,"Navarra, Spain"
1585,2020-05-12,135.0,"Navarra, Spain"
1586,2020-05-13,135.0,"Navarra, Spain"
1587,2020-05-14,135.0,"Navarra, Spain"
1588,2020-05-15,136.0,"Navarra, Spain"
1589,2020-05-16,136.0,"Navarra, Spain"
1590,2020-05-17,136.0,"Navarra, Spain"
1591,2020-05-18,136.0,"Navarra, Spain"
1592,2020-05-19,136.0,"Navarra, Spain"
1593,2020-05-20,136.0,"Navarra, Spain"
1594,2020-05-21,136.0,"Navarra, Spain"
1595,2020-05-22,136.0,"Navarra, Spain"
1596,2020-05-23,137.0,"Navarra, Spain"
1597,2020-05-24,137.0,"Navarra, Spain"
1598,2020-02-21,,"País Vasco, Spain"
1599,2020-02-22,,"País Vasco, Spain"
1600,2020-02-23,,"País Vasco, Spain"
1601,2020-02-24,,"País Vasco, Spain"
1602,2020-02-25,,"País Vasco, Spain"
1603,2020-02-26,,"País Vasco, Spain"
1604,2020-02-27,,"País Vasco, Spain"
1605,2020-02-28,,"País Vasco, Spain"
1606,2020-02-29,,"País Vasco, Spain"
1607,2020-03-01,,"País Vasco, Spain"
1608,2020-03-02,,"País Vasco, Spain"
1609,2020-03-03,,"País Vasco, Spain"
1610,2020-03-04,,"País Vasco, Spain"
1611,2020-03-05,,"País Vasco, Spain"
1612,2020-03-06,,"País Vasco, Spain"
1613,2020-03-07,,"País Vasco, Spain"
1614,2020-03-08,,"País Vasco, Spain"
1615,2020-03-09,5.0,"País Vasco, Spain"
1616,2020-03-10,5.0,"País Vasco, Spain"
1617,2020-03-11,15.0,"País Vasco, Spain"
1618,2020-03-12,18.0,"País Vasco, Spain"
1619,2020-03-13,20.0,"País Vasco, Spain"
1620,2020-03-14,22.0,"País Vasco, Spain"
1621,2020-03-15,29.0,"País Vasco, Spain"
1622,2020-03-16,29.0,"País Vasco, Spain"
1623,2020-03-17,33.0,"País Vasco, Spain"
1624,2020-03-18,37.0,"País Vasco, Spain"
1625,2020-03-19,44.0,"País Vasco, Spain"
1626,2020-03-20,53.0,"País Vasco, Spain"
1627,2020-03-21,71.0,"País Vasco, Spain"
1628,2020-03-22,81.0,"País Vasco, Spain"
1629,2020-03-23,92.0,"País Vasco, Spain"
1630,2020-03-24,106.0,"País Vasco, Spain"
1631,2020-03-25,119.0,"País Vasco, Spain"
1632,2020-03-26,137.0,"País Vasco, Spain"
1633,2020-03-27,154.0,"País Vasco, Spain"
1634,2020-03-28,176.0,"País Vasco, Spain"
1635,2020-03-29,271.0,"País Vasco, Spain"
1636,2020-03-30,293.0,"País Vasco, Spain"
1637,2020-03-31,307.0,"País Vasco, Spain"
1638,2020-04-01,324.0,"País Vasco, Spain"
1639,2020-04-02,344.0,"País Vasco, Spain"
1640,2020-04-03,363.0,"País Vasco, Spain"
1641,2020-04-04,377.0,"País Vasco, Spain"
1642,2020-04-05,404.0,"País Vasco, Spain"
1643,2020-04-06,410.0,"País Vasco, Spain"
1644,2020-04-07,417.0,"País Vasco, Spain"
1645,2020-04-08,430.0,"País Vasco, Spain"
1646,2020-04-09,433.0,"País Vasco, Spain"
1647,2020-04-10,442.0,"País Vasco, Spain"
1648,2020-04-11,453.0,"País Vasco, Spain"
1649,2020-04-12,459.0,"País Vasco, Spain"
1650,2020-04-13,464.0,"País Vasco, Spain"
1651,2020-04-14,470.0,"País Vasco, Spain"
1652,2020-04-15,471.0,"País Vasco, Spain"
1653,2020-04-16,478.0,"País Vasco, Spain"
1654,2020-04-17,484.0,"País Vasco, Spain"
1655,2020-04-18,490.0,"País Vasco, Spain"
1656,2020-04-19,499.0,"País Vasco, Spain"
1657,2020-04-20,501.0,"País Vasco, Spain"
1658,2020-04-21,507.0,"País Vasco, Spain"
1659,2020-04-22,513.0,"País Vasco, Spain"
1660,2020-04-23,516.0,"País Vasco, Spain"
1661,2020-04-24,518.0,"País Vasco, Spain"
1662,2020-04-25,525.0,"País Vasco, Spain"
1663,2020-04-26,533.0,"País Vasco, Spain"
1664,2020-04-27,538.0,"País Vasco, Spain"
1665,2020-04-28,539.0,"País Vasco, Spain"
1666,2020-04-29,540.0,"País Vasco, Spain"
1667,2020-04-30,541.0,"País Vasco, Spain"
1668,2020-05-01,544.0,"País Vasco, Spain"
1669,2020-05-02,551.0,"País Vasco, Spain"
1670,2020-05-03,553.0,"País Vasco, Spain"
1671,2020-05-04,554.0,"País Vasco, Spain"
1672,2020-05-05,556.0,"País Vasco, Spain"
1673,2020-05-06,559.0,"País Vasco, Spain"
1674,2020-05-07,561.0,"País Vasco, Spain"
1675,2020-05-08,566.0,"País Vasco, Spain"
1676,2020-05-09,568.0,"País Vasco, Spain"
1677,2020-05-10,571.0,"País Vasco, Spain"
1678,2020-05-11,573.0,"País Vasco, Spain"
1679,2020-05-12,574.0,"País Vasco, Spain"
1680,2020-05-13,575.0,"País Vasco, Spain"
1681,2020-05-14,577.0,"País Vasco, Spain"
1682,2020-05-15,578.0,"País Vasco, Spain"
1683,2020-05-16,578.0,"País Vasco, Spain"
1684,2020-05-17,578.0,"País Vasco, Spain"
1685,2020-05-18,578.0,"País Vasco, Spain"
1686,2020-05-19,578.0,"País Vasco, Spain"
1687,2020-05-20,578.0,"País Vasco, Spain"
1688,2020-05-21,578.0,"País Vasco, Spain"
1689,2020-05-22,578.0,"País Vasco, Spain"
1690,2020-05-23,578.0,"País Vasco, Spain"
1691,2020-05-24,578.0,"País Vasco, Spain"
1692,2020-02-21,,"La Rioja, Spain"
1693,2020-02-22,,"La Rioja, Spain"
1694,2020-02-23,,"La Rioja, Spain"
1695,2020-02-24,,"La Rioja, Spain"
1696,2020-02-25,,"La Rioja, Spain"
1697,2020-02-26,,"La Rioja, Spain"
1698,2020-02-27,,"La Rioja, Spain"
1699,2020-02-28,,"La Rioja, Spain"
1700,2020-02-29,,"La Rioja, Spain"
1701,2020-03-01,,"La Rioja, Spain"
1702,2020-03-02,,"La Rioja, Spain"
1703,2020-03-03,,"La Rioja, Spain"
1704,2020-03-04,,"La Rioja, Spain"
1705,2020-03-05,,"La Rioja, Spain"
1706,2020-03-06,,"La Rioja, Spain"
1707,2020-03-07,,"La Rioja, Spain"
1708,2020-03-08,,"La Rioja, Spain"
1709,2020-03-09,1.0,"La Rioja, Spain"
1710,2020-03-10,1.0,"La Rioja, Spain"
1711,2020-03-11,1.0,"La Rioja, Spain"
1712,2020-03-12,1.0,"La Rioja, Spain"
1713,2020-03-13,2.0,"La Rioja, Spain"
1714,2020-03-14,2.0,"La Rioja, Spain"
1715,2020-03-15,7.0,"La Rioja, Spain"
1716,2020-03-16,13.0,"La Rioja, Spain"
1717,2020-03-17,13.0,"La Rioja, Spain"
1718,2020-03-18,13.0,"La Rioja, Spain"
1719,2020-03-19,15.0,"La Rioja, Spain"
1720,2020-03-20,15.0,"La Rioja, Spain"
1721,2020-03-21,17.0,"La Rioja, Spain"
1722,2020-03-22,17.0,"La Rioja, Spain"
1723,2020-03-23,22.0,"La Rioja, Spain"
1724,2020-03-24,24.0,"La Rioja, Spain"
1725,2020-03-25,33.0,"La Rioja, Spain"
1726,2020-03-26,36.0,"La Rioja, Spain"
1727,2020-03-27,43.0,"La Rioja, Spain"
1728,2020-03-28,43.0,"La Rioja, Spain"
1729,2020-03-29,43.0,"La Rioja, Spain"
1730,2020-03-30,43.0,"La Rioja, Spain"
1731,2020-03-31,51.0,"La Rioja, Spain"
1732,2020-04-01,54.0,"La Rioja, Spain"
1733,2020-04-02,57.0,"La Rioja, Spain"
1734,2020-04-03,64.0,"La Rioja, Spain"
1735,2020-04-04,64.0,"La Rioja, Spain"
1736,2020-04-05,66.0,"La Rioja, Spain"
1737,2020-04-06,66.0,"La Rioja, Spain"
1738,2020-04-07,66.0,"La Rioja, Spain"
1739,2020-04-08,68.0,"La Rioja, Spain"
1740,2020-04-09,69.0,"La Rioja, Spain"
1741,2020-04-10,71.0,"La Rioja, Spain"
1742,2020-04-11,73.0,"La Rioja, Spain"
1743,2020-04-12,73.0,"La Rioja, Spain"
1744,2020-04-13,73.0,"La Rioja, Spain"
1745,2020-04-14,74.0,"La Rioja, Spain"
1746,2020-04-15,75.0,"La Rioja, Spain"
1747,2020-04-16,75.0,"La Rioja, Spain"
1748,2020-04-17,76.0,"La Rioja, Spain"
1749,2020-04-18,78.0,"La Rioja, Spain"
1750,2020-04-19,79.0,"La Rioja, Spain"
1751,2020-04-20,79.0,"La Rioja, Spain"
1752,2020-04-21,81.0,"La Rioja, Spain"
1753,2020-04-22,81.0,"La Rioja, Spain"
1754,2020-04-23,82.0,"La Rioja, Spain"
1755,2020-04-24,82.0,"La Rioja, Spain"
1756,2020-04-25,83.0,"La Rioja, Spain"
1757,2020-04-26,84.0,"La Rioja, Spain"
1758,2020-04-27,85.0,"La Rioja, Spain"
1759,2020-04-28,87.0,"La Rioja, Spain"
1760,2020-04-29,87.0,"La Rioja, Spain"
1761,2020-04-30,88.0,"La Rioja, Spain"
1762,2020-05-01,88.0,"La Rioja, Spain"
1763,2020-05-02,88.0,"La Rioja, Spain"
1764,2020-05-03,88.0,"La Rioja, Spain"
1765,2020-05-04,88.0,"La Rioja, Spain"
1766,2020-05-05,90.0,"La Rioja, Spain"
1767,2020-05-06,91.0,"La Rioja, Spain"
1768,2020-05-07,91.0,"La Rioja, Spain"
1769,2020-05-08,91.0,"La Rioja, Spain"
1770,2020-05-09,91.0,"La Rioja, Spain"
1771,2020-05-10,91.0,"La Rioja, Spain"
1772,2020-05-11,91.0,"La Rioja, Spain"
1773,2020-05-12,91.0,"La Rioja, Spain"
1774,2020-05-13,91.0,"La Rioja, Spain"
1775,2020-05-14,91.0,"La Rioja, Spain"
1776,2020-05-15,91.0,"La Rioja, Spain"
1777,2020-05-16,91.0,"La Rioja, Spain"
1778,2020-05-17,91.0,"La Rioja, Spain"
1779,2020-05-18,91.0,"La Rioja, Spain"
1780,2020-05-19,91.0,"La Rioja, Spain"
1781,2020-05-20,91.0,"La Rioja, Spain"
1782,2020-05-21,91.0,"La Rioja, Spain"
1783,2020-05-22,91.0,"La Rioja, Spain"
1784,2020-05-23,91.0,"La Rioja, Spain"
1785,2020-05-24,91.0,"La Rioja, Spain"
